代码,简称,日期,前收盘价(元),开盘价(元),最高价(元),最低价(元),收盘价(元),成交量(股),成交金额(元),涨跌(元),涨跌幅(%),均价(元)
600519.SH,贵州茅台,2013-01-31,209.02,212.00,217.65,172.00,178.90,129007843,25266368342,-30.12,-14.4101,195.8514
600519.SH,贵州茅台,2013-02-28,178.90,178.88,188.40,172.00,175.00,75122575,13545915013,-3.90,-2.1800,180.3175
600519.SH,贵州茅台,2013-03-29,175.00,174.30,188.60,162.31,168.86,98547136,17104335677,-6.14,-3.5086,173.5650
600519.SH,贵州茅台,2013-04-26,168.86,168.09,180.00,160.45,173.99,64337204,11035181506,5.13,3.0380,171.5210
600519.SH,贵州茅台,2013-05-31,173.99,173.00,207.17,169.03,197.10,82380670,16007557422,23.11,13.2824,194.3121
600519.SH,贵州茅台,2013-06-28,197.10,198.10,205.30,176.03,192.37,58169725,11260941477,-4.73,0.8096,193.5877
600519.SH,贵州茅台,2013-07-31,192.37,192.03,199.86,165.59,168.50,74542650,13805736056,-23.87,-12.4084,185.2059
600519.SH,贵州茅台,2013-08-30,168.50,169.98,182.34,167.55,168.78,53128513,9264074651,0.28,0.1662,174.3711
600519.SH,贵州茅台,2013-09-30,168.78,160.80,160.80,133.02,135.94,144399186,21210102568,-32.84,-19.4573,146.8852
600519.SH,贵州茅台,2013-10-31,135.94,135.76,147.70,131.50,135.11,77696482,10874297204,-0.83,-0.6106,139.9587
600519.SH,贵州茅台,2013-11-29,135.11,134.33,146.45,133.80,141.44,63839758,8988084047,6.33,4.6851,140.7913
600519.SH,贵州茅台,2014-12-31,141.44,140.01,140.27,122.50,128.38,60583836,8012035586,-13.06,-9.2336,132.2471
600519.SH,贵州茅台,2014-01-30,128.38,127.99,143.78,118.01,132.20,78077348,10009218245,3.82,2.9755,128.1962
600519.SH,贵州茅台,2014-02-28,132.20,132.06,151.98,130.86,150.02,60983296,8732228078,17.82,13.4796,143.1905
600519.SH,贵州茅台,2014-03-31,150.02,150.00,176.20,148.33,154.70,90488347,14679504582,4.68,3.1196,162.2254
600519.SH,贵州茅台,2014-04-30,154.70,154.71,179.60,154.40,163.88,71005032,11986191872,9.18,5.9341,168.8076
600519.SH,贵州茅台,2014-05-30,163.88,163.50,163.50,143.60,153.22,43368234,6687709454,-10.66,-6.5048,154.2076
600519.SH,贵州茅台,2014-06-30,153.22,153.00,163.80,139.22,141.98,38540238,5799986281,-11.24,4.7338,150.4917
600519.SH,贵州茅台,2014-07-31,141.98,142.59,169.10,140.60,160.27,68289738,10616468201,18.29,12.8821,155.4621
600519.SH,贵州茅台,2014-08-29,160.27,160.17,166.66,155.00,158.23,54453031,8774465075,-2.04,-1.2729,161.1382
600519.SH,贵州茅台,2014-09-30,158.23,158.20,168.16,155.60,162.13,62828232,10128038845,3.90,2.4648,161.2020
600519.SH,贵州茅台,2014-10-31,162.13,161.00,161.10,153.68,156.68,58728853,9254853695,-5.45,-3.3615,157.5861
600519.SH,贵州茅台,2014-11-28,156.68,156.75,168.00,145.50,155.84,120470343,18581376554,-0.84,-0.5361,154.2403
600519.SH,贵州茅台,2015-12-31,155.84,156.57,193.49,156.00,189.62,180656201,31853185862,33.78,21.6761,176.3194
600519.SH,贵州茅台,2015-01-30,189.62,189.62,204.24,171.47,177.18,96436064,17936139335,-12.44,-6.5605,185.9900
600519.SH,贵州茅台,2015-02-27,177.18,175.51,194.50,173.50,191.05,66371455,12120959573,13.87,7.8282,182.6231
600519.SH,贵州茅台,2015-03-31,191.05,190.80,200.77,183.27,195.96,95753352,18496218012,4.91,2.5700,193.1652
600519.SH,贵州茅台,2015-04-30,195.96,196.03,269.00,192.78,252.23,192135866,43934547947,56.27,28.7150,228.6640
600519.SH,贵州茅台,2015-05-29,252.23,252.66,290.00,239.88,263.83,113308249,29253541993,11.60,4.5990,258.1766
600519.SH,贵州茅台,2015-06-30,263.83,263.94,273.00,227.80,257.65,174416310,44602068442,-6.18,-2.3424,255.7219
600519.SH,贵州茅台,2015-07-31,257.65,255.00,283.00,197.48,206.83,255899402,61973583455,-50.82,-10.1338,242.1795
600519.SH,贵州茅台,2015-08-31,206.83,205.00,214.29,166.20,195.37,126991221,24868783987,-11.46,-5.5408,195.8307
600519.SH,贵州茅台,2015-09-30,195.37,191.82,209.54,185.00,190.31,69207425,13452421359,-5.06,-2.5900,194.3783
600519.SH,贵州茅台,2015-10-30,190.31,198.78,218.30,196.50,213.86,41733966,8573756813,23.55,12.3745,205.4383
600519.SH,贵州茅台,2015-11-30,213.86,214.60,224.66,206.63,214.31,51595450,11122630603,0.45,0.2104,215.5739
600519.SH,贵州茅台,2016-12-31,214.31,213.00,229.18,209.00,218.19,51472372,11266397938,3.88,1.8105,218.8824
600519.SH,贵州茅台,2016-01-29,218.19,218.00,218.00,195.51,200.65,56520821,11492912278,-17.54,-8.0389,203.3394
600519.SH,贵州茅台,2016-02-29,200.65,202.10,220.88,199.60,214.91,38907857,8127690217,14.26,7.1069,208.8959
600519.SH,贵州茅台,2016-03-31,214.91,215.96,253.38,210.40,247.64,87801309,20544985405,32.73,15.2296,233.9941
600519.SH,贵州茅台,2016-04-29,247.64,248.95,257.60,235.80,251.20,64087082,15774996421,3.56,1.4376,246.1494
600519.SH,贵州茅台,2016-05-31,251.20,250.55,266.62,243.10,264.47,55545757,14134395796,13.27,5.2826,254.4640
600519.SH,贵州茅台,2016-06-30,264.47,265.40,298.20,263.00,291.92,57122798,15906504685,27.45,10.3792,278.4616
600519.SH,贵州茅台,2016-07-29,291.92,287.20,326.80,284.00,313.15,77237906,24134885902,21.23,9.5888,312.4746
600519.SH,贵州茅台,2016-08-31,313.15,313.00,322.48,300.07,310.19,68824151,21289345149,-2.96,-0.9452,309.3296
600519.SH,贵州茅台,2016-09-30,310.19,309.70,312.00,287.56,297.91,47093962,14070441818,-12.28,-3.9589,298.7738
600519.SH,贵州茅台,2016-10-31,297.91,298.51,322.80,298.51,317.95,41350118,12818002464,20.04,6.7269,309.9871
600519.SH,贵州茅台,2016-11-30,317.95,317.95,330.45,308.37,319.08,61172644,19317358248,1.13,0.3554,315.7843
600519.SH,贵州茅台,2016-12-30,319.08,320.00,340.00,315.82,334.15,69383563,22715449330,15.07,4.7230,327.3895
600519.SH,贵州茅台,2017-01-26,334.15,334.28,359.80,332.81,344.42,61084431,21263112181,10.27,3.0735,348.0938
600519.SH,贵州茅台,2017-02-28,344.42,346.00,366.52,341.92,354.66,49733903,17561801637,10.24,2.9731,353.1153
600519.SH,贵州茅台,2017-03-31,354.66,355.10,396.50,354.53,386.36,72226740,27260662613,31.70,8.9381,377.4317
600519.SH,贵州茅台,2017-04-28,386.36,385.66,428.68,380.60,413.48,73875923,29763245860,27.12,7.0194,402.8815
600519.SH,贵州茅台,2017-05-31,413.48,411.60,456.48,398.00,442.94,67841232,29012864467,29.46,7.1249,427.6583
600519.SH,贵州茅台,2017-06-30,442.94,442.50,485.00,441.01,471.85,73868877,34503628370,28.91,6.5268,467.0929
600519.SH,贵州茅台,2017-07-31,471.85,474.20,487.96,441.20,481.22,79373118,36739004232,9.37,3.5274,462.8646
600519.SH,贵州茅台,2017-08-31,481.22,481.00,501.10,471.13,491.15,61250554,29928908924,9.93,2.0635,488.6308
600519.SH,贵州茅台,2017-09-29,491.15,490.20,525.88,469.98,517.64,57030660,28148589658,26.49,5.3935,493.5694
600519.SH,贵州茅台,2017-10-31,517.64,524.54,655.00,520.10,618.03,70189113,41107973217,100.39,19.3938,585.6745
600519.SH,贵州茅台,2017-11-30,618.03,620.88,719.96,613.01,631.00,142506018,93855374318,12.97,2.0986,658.6064
600519.SH,贵州茅台,2017-12-29,631.00,638.01,726.50,615.26,697.49,106491828,70584871895,66.49,10.5372,662.8196
600519.SH,贵州茅台,2018-01-31,697.49,700.00,799.06,689.89,764.54,123433891,93504008615,67.05,9.6130,757.5230
600519.SH,贵州茅台,2018-02-28,764.54,767.00,767.30,658.00,725.62,96218090,69024989741,-38.92,-5.0906,717.3806
600519.SH,贵州茅台,2018-03-30,725.62,728.00,753.99,658.41,683.62,98782016,70762864377,-42.00,-5.7882,716.3537
600519.SH,贵州茅台,2018-04-27,683.62,680.00,714.78,645.00,662.53,69063395,47102269066,-21.09,-3.0850,682.0150
600519.SH,贵州茅台,2018-05-31,662.53,660.00,751.62,645.06,751.13,90433658,64515130424,88.60,13.3730,713.3973
600519.SH,贵州茅台,2018-06-29,751.13,751.13,803.50,697.00,731.46,87529994,66940351889,-19.67,-1.2368,764.7704
600519.SH,贵州茅台,2018-07-31,731.46,734.52,764.11,678.23,726.44,75239299,54511919004,-5.02,-0.6863,724.5139
600519.SH,贵州茅台,2018-08-31,726.44,731.40,732.30,616.86,659.19,87358113,58727708034,-67.25,-9.2575,672.2639
600519.SH,贵州茅台,2018-09-28,659.19,652.00,733.20,620.00,730.00,68664033,46150660851,70.81,10.7420,672.1228
600519.SH,贵州茅台,2018-10-31,730.00,715.41,719.00,509.02,548.90,131914136,82354952423,-181.10,-24.8082,624.3073
600519.SH,贵州茅台,2018-11-30,548.90,555.00,600.00,536.80,565.00,93308873,52734483761,16.10,2.9331,565.1604
600519.SH,贵州茅台,2018-12-28,565.00,589.00,616.50,553.61,590.01,63106546,36982332991,25.01,4.4265,586.0301
600519.SH,贵州茅台,2019-01-31,590.01,609.98,698.88,582.02,689.60,84152984,54540186931,99.59,16.8794,648.1076
600519.SH,贵州茅台,2019-02-28,689.60,697.04,763.42,688.18,755.01,63933067,46666932710,65.41,9.4852,729.9342
600519.SH,贵州茅台,2019-03-29,755.01,761.50,866.68,733.65,853.99,109548207,85707737417,98.98,13.1098,782.3746
600519.SH,贵州茅台,2019-04-30,853.99,860.00,990.00,834.21,974.00,99574855,91575825811,120.01,14.0529,919.6682
600519.SH,贵州茅台,2019-05-31,974.00,925.50,935.00,842.50,890.00,122994931,109909806787,-84.00,-8.6242,893.6125
600519.SH,贵州茅台,2019-06-28,890.00,892.00,1001.00,840.00,984.00,82661740,76846426616,94.00,12.1992,929.6493
﻿002036.SZ,联创电子,2013-01-31,8.98,9.02,10.30,8.66,8.96,91010850,860620987,-0.02,-0.2227,9.4562
002036.SZ,联创电子,2013-02-28,8.96,8.96,11.06,8.81,10.17,75167560,759429332,1.21,13.5045,10.1032
002036.SZ,联创电子,2013-03-29,10.17,10.14,10.58,8.50,8.51,62506911,598355526,-1.66,-16.3225,9.5726
002036.SZ,联创电子,2013-04-26,8.51,8.53,8.70,7.71,7.77,32886784,272427888,-0.74,-8.6957,8.2838
002036.SZ,联创电子,2013-05-31,7.77,7.77,9.41,7.71,9.20,57945562,499337961,1.43,18.4041,8.6174
002036.SZ,联创电子,2013-06-28,9.20,9.20,9.27,6.01,6.25,38084886,298780838,-2.95,-32.0652,7.8451
002036.SZ,联创电子,2013-07-31,6.25,6.25,7.93,6.17,6.84,56737181,403390032,0.59,10.3004,7.1098
002036.SZ,联创电子,2013-08-30,6.84,6.90,8.49,6.80,7.25,68800018,535272824,0.41,5.9942,7.7801
002036.SZ,联创电子,2013-09-30,7.25,7.24,8.85,7.01,7.62,75318161,599761219,0.37,5.1034,7.9630
002036.SZ,联创电子,2013-10-31,7.62,7.65,8.11,6.79,7.69,56605137,435582046,0.07,0.9186,7.6951
002036.SZ,联创电子,2013-11-29,7.69,7.63,8.81,7.02,8.52,97601827,775949144,0.83,10.7932,7.9501
002036.SZ,联创电子,2014-12-31,8.52,8.30,8.71,7.78,8.09,66913007,551077233,-0.43,-5.0469,8.2357
002036.SZ,联创电子,2014-01-30,8.09,8.08,8.13,7.13,7.25,28735290,215917750,-0.84,-10.3832,7.5140
002036.SZ,联创电子,2014-02-28,7.25,7.25,8.01,7.02,7.21,44793080,341986480,-0.04,-0.5517,7.6348
002036.SZ,联创电子,2014-03-31,7.21,7.22,7.84,7.11,7.17,43149528,321073308,-0.04,-0.5548,7.4409
002036.SZ,联创电子,2014-04-30,7.17,7.18,8.04,7.11,7.28,59412154,450985783,0.11,1.5342,7.5908
002036.SZ,联创电子,2014-05-30,7.28,7.26,7.45,7.15,7.30,20954137,153294527,0.02,0.9578,7.3157
002036.SZ,联创电子,2014-06-30,7.30,7.30,7.93,7.14,7.80,40596781,305849142,0.50,6.8493,7.5338
002036.SZ,联创电子,2014-07-31,7.80,7.85,8.47,7.66,8.36,68133521,550383242,0.56,7.1795,8.0780
002036.SZ,联创电子,2014-08-29,8.36,8.36,8.92,8.06,8.47,69065417,583035156,0.11,1.3158,8.4418
002036.SZ,联创电子,2014-09-30,8.47,8.57,10.77,8.50,10.62,96030149,907539115,2.15,25.3837,9.4506
002036.SZ,联创电子,2014-10-31,10.62,10.62,11.22,9.66,9.92,104791973,1091619549,-0.70,6.3331,10.4170
002036.SZ,联创电子,2014-11-28,9.92,9.85,10.12,8.82,9.10,89307664,839809259,-0.82,-8.2661,9.4036
002036.SZ,联创电子,2015-12-31,9.10,9.10,9.44,8.09,8.13,115452726,1012208668,-0.97,-10.6593,8.7673
002036.SZ,联创电子,2015-01-30,8.13,8.21,8.94,8.13,8.59,48416946,415941132,0.46,5.6581,8.5908
002036.SZ,联创电子,2015-02-27,8.59,8.59,8.59,8.59,8.59,--,--,0.00,0.0000,--
002036.SZ,联创电子,2015-03-31,8.59,8.59,8.59,8.59,8.59,--,--,0.00,0.0000,--
002036.SZ,联创电子,2015-04-30,8.59,8.59,8.59,8.59,8.59,--,--,0.00,0.0000,--
002036.SZ,联创电子,2015-05-29,8.59,8.59,13.84,8.59,13.84,608321,7004665,5.25,61.1176,11.5148
002036.SZ,联创电子,2015-06-30,13.84,15.22,32.00,15.22,21.19,389515228,10160494001,7.35,53.1826,26.0850
002036.SZ,联创电子,2015-07-31,21.19,20.48,21.98,13.41,17.48,343088224,6352293666,-3.71,-17.5083,18.5150
002036.SZ,联创电子,2015-08-31,17.48,17.10,23.39,13.10,14.86,401009403,7746309006,-2.62,-14.9886,19.3170
002036.SZ,联创电子,2015-09-30,14.86,14.90,15.48,12.00,15.38,161660594,2231165275,0.52,3.4993,13.8015
002036.SZ,联创电子,2015-10-30,15.38,16.92,19.32,15.39,17.95,244237596,4203942202,2.57,16.7100,17.2125
002036.SZ,联创电子,2015-11-30,17.95,17.40,36.60,17.01,34.61,671218457,19695674619,16.66,92.8134,29.3432
002036.SZ,联创电子,2016-12-31,34.61,34.41,34.41,25.20,30.80,498254552,14892287823,-3.81,-11.0084,29.8889
002036.SZ,联创电子,2016-01-29,30.80,30.89,31.39,18.90,19.70,262438837,6222315715,-11.10,-36.0390,23.7096
002036.SZ,联创电子,2016-02-29,19.70,19.99,28.80,19.31,22.10,306116844,7489624059,2.40,12.1827,24.4666
002036.SZ,联创电子,2016-03-31,22.10,22.10,26.49,21.08,25.30,433295527,10536711945,3.20,14.4796,24.3176
002036.SZ,联创电子,2016-04-29,25.30,25.20,25.67,19.96,20.33,237742152,5588553260,-4.97,-19.6443,23.5068
002036.SZ,联创电子,2016-05-31,20.33,20.48,22.39,16.66,18.74,175107389,3287345457,-1.59,-7.8210,18.7733
002036.SZ,联创电子,2016-06-30,18.74,18.86,24.61,17.51,23.41,271823899,5584166556,4.67,24.9200,20.5433
002036.SZ,联创电子,2016-07-29,23.41,23.10,23.99,19.03,19.43,279488498,6310370219,-3.98,-16.8931,22.5783
002036.SZ,联创电子,2016-08-31,19.43,19.35,26.69,18.46,24.53,291273197,6854503154,5.10,26.2481,23.5329
002036.SZ,联创电子,2016-09-30,24.53,24.90,28.26,23.66,26.55,317349309,8142662130,2.02,8.2348,25.6584
002036.SZ,联创电子,2016-10-31,26.55,27.01,28.91,23.90,24.16,165693430,4347040636,-2.39,-9.0019,26.2354
002036.SZ,联创电子,2016-11-30,24.16,24.23,25.16,20.93,21.45,183214388,4189310185,-2.71,-11.2169,22.8656
002036.SZ,联创电子,2016-12-30,21.45,21.45,22.67,18.00,19.16,149881376,2980964321,-2.29,-10.6760,19.8888
002036.SZ,联创电子,2017-01-26,19.16,19.20,19.58,16.31,17.87,74301092,1365078579,-1.29,-6.7328,18.3723
002036.SZ,联创电子,2017-02-28,17.87,17.87,20.23,17.75,19.34,102411614,1947565923,1.47,8.2261,19.0170
002036.SZ,联创电子,2017-03-31,19.34,19.34,20.95,17.20,17.80,201487849,3981088385,-1.54,-7.9628,19.7585
002036.SZ,联创电子,2017-04-28,17.80,17.88,18.54,16.16,17.05,104680223,1836931761,-0.75,-4.2135,17.5480
002036.SZ,联创电子,2017-05-31,17.05,17.05,17.84,15.10,15.87,95090834,1612443110,-1.18,-6.9208,16.9569
002036.SZ,联创电子,2017-06-30,15.87,15.87,18.86,14.71,16.50,135659005,2293303855,0.63,4.2320,16.9049
002036.SZ,联创电子,2017-07-31,16.50,16.54,17.70,14.70,16.03,92663915,1504301976,-0.47,-2.8485,16.2340
002036.SZ,联创电子,2017-08-31,16.03,16.00,19.88,15.18,19.21,148452026,2553962319,3.18,19.8378,17.2040
002036.SZ,联创电子,2017-09-29,19.21,19.53,22.54,18.86,20.74,227825330,4666345493,1.53,7.9646,20.4821
002036.SZ,联创电子,2017-10-31,20.74,20.84,22.22,18.80,19.04,114794981,2338728881,-1.70,-8.1967,20.3731
002036.SZ,联创电子,2017-11-30,19.04,18.95,20.40,17.50,18.75,164402952,3104793294,-0.29,-1.5231,18.8853
002036.SZ,联创电子,2017-12-29,18.75,18.62,20.98,15.94,16.23,218868317,4149514979,-2.52,-13.4400,18.9590
002036.SZ,联创电子,2018-01-31,16.23,16.42,16.94,14.45,15.00,145090072,2271706566,-1.23,-7.5786,15.6572
002036.SZ,联创电子,2018-02-28,15.00,14.90,16.95,12.63,16.84,120836470,1781633201,1.84,12.2667,14.7442
002036.SZ,联创电子,2018-03-30,16.84,16.61,18.66,14.33,16.35,221416127,3674001205,-0.49,-2.9097,16.5932
002036.SZ,联创电子,2018-04-27,16.35,16.36,17.18,14.90,15.23,167268891,2723397357,-1.12,-6.8502,16.2816
002036.SZ,联创电子,2018-05-31,15.23,15.39,15.63,13.60,13.77,103135615,1507643630,-1.46,-9.5863,14.6181
002036.SZ,联创电子,2018-06-29,13.77,13.77,14.28,12.33,13.12,53331000,713652874,-0.65,-4.7204,13.3816
002036.SZ,联创电子,2018-07-31,13.12,13.07,13.30,11.60,12.12,89684522,1126533796,-1.00,-7.2449,12.5611
002036.SZ,联创电子,2018-08-31,12.12,12.16,12.34,10.48,10.70,69949114,794286667,-1.42,-11.7162,11.3552
002036.SZ,联创电子,2018-09-28,10.70,10.75,10.89,9.66,9.92,52080172,527076302,-0.78,-7.2897,10.1205
002036.SZ,联创电子,2018-10-31,9.92,9.79,9.79,7.72,8.89,99474589,869898246,-1.03,-10.3831,8.7449
002036.SZ,联创电子,2018-11-30,8.89,9.15,10.25,8.71,9.05,126800175,1210280034,0.16,1.7998,9.5448
002036.SZ,联创电子,2018-12-28,9.05,9.29,9.75,8.20,8.60,66880228,598120960,-0.45,-4.9724,8.9432
002036.SZ,联创电子,2019-01-31,8.60,8.60,9.55,8.30,8.71,147626813,1335477805,0.11,1.2791,9.0463
002036.SZ,联创电子,2019-02-28,8.71,8.71,12.56,8.65,11.70,324315965,3541600708,2.99,34.3284,10.9202
002036.SZ,联创电子,2019-03-29,11.70,11.78,14.30,11.43,13.70,389116445,5063795023,2.00,17.0940,13.0136
002036.SZ,联创电子,2019-04-30,13.70,14.00,15.19,12.80,13.21,277292385,3867425883,-0.49,-3.5766,13.9471
002036.SZ,联创电子,2019-05-31,13.21,12.60,12.60,10.40,11.25,161089786,1809633475,-1.96,-14.8372,11.2337
002036.SZ,联创电子,2019-06-28,11.25,11.30,12.30,8.75,9.15,203237288,2217658349,-2.10,6.0206,10.9117
﻿002507.SZ,涪陵榨菜,2013-01-31,23.62,23.70,27.05,22.70,25.51,30447905,769677758,1.89,8.0017,25.2785
002507.SZ,涪陵榨菜,2013-02-28,25.51,25.51,28.50,24.20,25.70,19731134,514379039,0.19,0.7448,26.0694
002507.SZ,涪陵榨菜,2013-03-29,25.70,25.75,26.90,23.40,25.56,21671635,549465520,-0.14,-0.5447,25.3541
002507.SZ,涪陵榨菜,2013-04-26,25.56,25.40,25.83,21.69,22.49,16194809,378823540,-3.07,-12.0110,23.3917
002507.SZ,涪陵榨菜,2013-05-31,22.49,22.48,26.72,21.90,25.54,25266979,631653794,3.05,13.5616,24.9992
002507.SZ,涪陵榨菜,2013-06-28,25.54,25.56,25.79,20.61,21.70,21315876,501131705,-3.84,-13.7778,23.5098
002507.SZ,涪陵榨菜,2013-07-31,21.70,21.70,28.18,21.20,26.33,24953646,621459077,4.63,21.3364,24.9045
002507.SZ,涪陵榨菜,2013-08-30,26.33,26.16,32.00,26.16,29.59,23063811,691447178,3.26,12.3813,29.9797
002507.SZ,涪陵榨菜,2013-09-30,29.59,29.59,39.98,29.00,39.98,21922234,765408256,10.39,35.1132,34.9147
002507.SZ,涪陵榨菜,2013-10-31,39.98,39.50,42.43,32.30,34.03,20285551,764293654,-5.95,-14.8824,37.6768
002507.SZ,涪陵榨菜,2013-11-29,34.03,33.50,37.21,30.95,37.00,12851635,443157563,2.97,8.7276,34.4826
002507.SZ,涪陵榨菜,2014-12-31,37.00,35.60,39.25,33.97,37.80,16054477,590488504,0.80,2.1622,36.7803
002507.SZ,涪陵榨菜,2014-01-30,37.80,37.47,37.68,29.00,32.32,20170914,656683733,-5.48,-14.4974,32.5560
002507.SZ,涪陵榨菜,2014-02-28,32.32,31.99,34.11,29.41,30.91,17764596,570725707,-1.41,-4.3626,32.1271
002507.SZ,涪陵榨菜,2014-03-31,30.91,30.91,31.88,29.00,29.98,9731437,297686842,-0.93,-3.0087,30.5902
002507.SZ,涪陵榨菜,2014-04-30,29.98,30.20,34.80,29.52,30.39,9606916,311060772,0.41,1.3676,32.3788
002507.SZ,涪陵榨菜,2014-05-30,30.39,30.16,32.55,29.53,31.66,6015037,185711159,1.27,4.1790,30.8745
002507.SZ,涪陵榨菜,2014-06-30,31.66,31.70,32.54,30.21,31.09,7799853,246538597,-0.57,-1.8004,31.6081
002507.SZ,涪陵榨菜,2014-07-31,31.09,31.10,31.52,21.33,23.35,22914260,546081359,-7.74,-1.7174,23.8315
002507.SZ,涪陵榨菜,2014-08-29,23.35,23.15,25.29,22.58,24.90,22466325,534449957,1.55,6.6381,23.7889
002507.SZ,涪陵榨菜,2014-09-30,24.90,24.90,27.09,24.48,26.59,24826878,644603510,1.69,6.7871,25.9639
002507.SZ,涪陵榨菜,2014-10-31,26.59,26.58,29.85,25.51,26.09,30177312,819848718,-0.50,-1.8804,27.1677
002507.SZ,涪陵榨菜,2014-11-28,26.09,26.12,29.65,24.50,29.17,37130185,1011044283,3.08,11.8053,27.2297
002507.SZ,涪陵榨菜,2015-12-31,29.17,29.17,30.43,26.98,28.80,27711289,788090734,-0.37,-1.2684,28.4393
002507.SZ,涪陵榨菜,2015-01-30,28.80,28.80,28.80,28.80,28.80,--,--,0.00,0.0000,--
002507.SZ,涪陵榨菜,2015-02-27,28.80,28.80,28.80,28.80,28.80,--,--,0.00,0.0000,--
002507.SZ,涪陵榨菜,2015-03-31,28.80,28.80,34.85,28.80,31.59,38605180,1245865846,2.79,9.6875,32.2720
002507.SZ,涪陵榨菜,2015-04-30,31.59,31.60,33.62,29.41,32.60,125809955,4011774365,1.01,3.1972,31.8876
002507.SZ,涪陵榨菜,2015-05-29,32.60,32.50,42.39,29.00,37.98,119969493,4203657353,5.38,16.5031,35.0394
002507.SZ,涪陵榨菜,2015-06-30,37.98,38.14,53.78,34.74,42.20,90203978,4069470594,4.22,11.1111,45.1141
002507.SZ,涪陵榨菜,2015-07-31,42.20,41.90,42.62,15.19,18.43,147097021,3144970796,-23.77,-29.9237,21.3802
002507.SZ,涪陵榨菜,2015-08-31,18.43,18.31,22.40,14.28,17.58,76413847,1415822129,-0.85,-4.6120,18.5283
002507.SZ,涪陵榨菜,2015-09-30,17.58,16.97,18.00,14.21,16.25,44742846,730165799,-1.33,-7.5654,16.3192
002507.SZ,涪陵榨菜,2015-10-30,16.25,16.70,19.64,16.51,18.87,57311660,1049355558,2.62,16.1231,18.3096
002507.SZ,涪陵榨菜,2015-11-30,18.87,18.80,21.38,17.55,18.39,126880418,2482692282,-0.48,-2.5437,19.5672
002507.SZ,涪陵榨菜,2016-12-31,18.39,18.41,20.33,17.30,18.77,101448758,1915978307,0.38,2.0663,18.8862
002507.SZ,涪陵榨菜,2016-01-29,18.77,18.52,18.66,14.70,15.24,63009927,1016591281,-3.53,-18.8066,16.1338
002507.SZ,涪陵榨菜,2016-02-29,15.24,15.39,16.96,14.41,14.94,45440743,716259642,-0.30,-1.9685,15.7625
002507.SZ,涪陵榨菜,2016-03-31,14.94,15.00,17.55,14.61,17.39,77626710,1270976274,2.45,16.3989,16.3729
002507.SZ,涪陵榨菜,2016-04-29,17.39,17.39,17.39,17.39,17.39,--,--,0.00,0.0000,--
002507.SZ,涪陵榨菜,2016-05-31,17.39,17.39,17.39,10.74,10.74,--,--,-6.65,-0.0000,--
002507.SZ,涪陵榨菜,2016-06-30,10.74,10.74,12.23,9.95,12.04,90210003,1015020418,1.30,12.1043,11.2518
002507.SZ,涪陵榨菜,2016-07-29,12.04,12.04,13.25,11.74,12.82,153804520,1907676581,0.78,6.4784,12.4033
002507.SZ,涪陵榨菜,2016-08-31,12.82,12.95,14.39,12.08,13.40,160337728,2183084066,0.58,4.5242,13.6155
002507.SZ,涪陵榨菜,2016-09-30,13.40,13.49,13.60,12.50,13.44,63442530,833330106,0.04,0.2985,13.1352
002507.SZ,涪陵榨菜,2016-10-31,13.44,13.50,15.28,13.45,14.82,67554534,961281747,1.38,10.2679,14.2297
002507.SZ,涪陵榨菜,2016-11-30,14.82,14.80,15.27,13.65,13.90,126610221,1813370569,-0.92,-6.2078,14.3225
002507.SZ,涪陵榨菜,2016-12-30,13.90,13.89,14.43,12.91,13.38,77763799,1060313239,-0.52,-3.7410,13.6350
002507.SZ,涪陵榨菜,2017-01-26,13.38,13.43,14.71,12.68,14.26,58743580,805652750,0.88,6.5770,13.7147
002507.SZ,涪陵榨菜,2017-02-28,14.26,14.30,16.71,14.22,15.48,105523914,1622827301,1.22,8.5554,15.3788
002507.SZ,涪陵榨菜,2017-03-31,15.48,15.49,16.60,15.10,15.73,132967777,2086752199,0.25,1.6150,15.6937
002507.SZ,涪陵榨菜,2017-04-28,15.73,15.92,18.13,15.39,16.92,125120976,2105428303,1.19,7.5652,16.8271
002507.SZ,涪陵榨菜,2017-05-31,16.92,16.77,17.18,10.90,10.93,76978991,1227103211,-5.99,-2.4823,15.9408
002507.SZ,涪陵榨菜,2017-06-30,10.93,10.90,12.10,9.93,11.24,166445787,1839428527,0.31,2.8362,11.0512
002507.SZ,涪陵榨菜,2017-07-31,11.24,11.29,13.14,10.35,12.90,144434366,1678166242,1.66,14.7687,11.6189
002507.SZ,涪陵榨菜,2017-08-31,12.90,12.66,14.33,12.63,13.46,259837432,3508663610,0.56,4.3411,13.5033
002507.SZ,涪陵榨菜,2017-09-29,13.46,13.46,15.18,12.85,14.87,150463847,2079283577,1.41,10.4755,13.8192
002507.SZ,涪陵榨菜,2017-10-31,14.87,14.89,18.20,14.65,17.08,147176908,2384681265,2.21,14.8621,16.2028
002507.SZ,涪陵榨菜,2017-11-30,17.08,17.00,19.12,16.00,16.28,276362989,4824655571,-0.80,-4.6838,17.4577
002507.SZ,涪陵榨菜,2017-12-29,16.28,16.25,17.17,16.20,16.77,10133626,170402633,0.49,3.0098,16.8156
002507.SZ,涪陵榨菜,2018-01-31,16.77,16.77,16.77,16.77,16.77,--,--,0.00,0.0000,--
002507.SZ,涪陵榨菜,2018-02-28,16.77,16.77,16.77,16.77,16.77,--,--,0.00,0.0000,--
002507.SZ,涪陵榨菜,2018-03-30,16.77,16.77,20.18,16.77,19.30,91570117,1692931102,2.53,15.0865,18.4878
002507.SZ,涪陵榨菜,2018-04-27,19.30,20.13,23.85,19.48,22.30,230317506,4997925262,3.00,15.5440,21.7002
002507.SZ,涪陵榨菜,2018-05-31,22.30,22.40,28.20,22.30,27.80,203219660,5171898942,5.50,24.6637,25.4498
002507.SZ,涪陵榨菜,2018-06-29,27.80,27.77,28.38,22.88,25.68,190892954,4995299579,-2.12,-7.1150,26.1681
002507.SZ,涪陵榨菜,2018-07-31,25.68,25.65,30.66,23.70,30.35,225061740,6178785052,4.67,18.1854,27.4537
002507.SZ,涪陵榨菜,2018-08-31,30.35,30.10,30.78,22.88,24.48,227010004,5892815432,-5.87,-19.3410,25.9584
002507.SZ,涪陵榨菜,2018-09-28,24.48,24.37,26.72,21.54,26.05,164623503,3929367625,1.57,6.4134,23.8688
002507.SZ,涪陵榨菜,2018-10-31,26.05,25.40,25.48,18.60,20.20,230919047,5050784098,-5.85,-22.4568,21.8725
002507.SZ,涪陵榨菜,2018-11-30,20.20,20.40,23.46,20.00,21.08,175012154,3855390112,0.88,4.3564,22.0293
002507.SZ,涪陵榨菜,2018-12-28,21.08,21.70,23.75,21.28,21.60,150012728,3360983775,0.52,2.4668,22.4047
002507.SZ,涪陵榨菜,2019-01-31,21.60,21.67,23.64,20.50,23.00,174843049,3845798170,1.40,6.4815,21.9957
002507.SZ,涪陵榨菜,2019-02-28,23.00,23.07,26.62,23.05,26.39,155799738,3880872171,3.39,14.7391,24.9094
002507.SZ,涪陵榨菜,2019-03-29,26.39,26.60,31.95,25.33,31.02,228054929,6345623503,4.63,17.5445,27.8250
002507.SZ,涪陵榨菜,2019-04-30,31.02,30.95,32.04,27.52,28.69,217551642,6407347667,-2.33,-7.5113,29.4521
002507.SZ,涪陵榨菜,2019-05-31,28.69,28.00,29.58,26.01,28.69,181630983,5108826197,0.00,0.0000,28.1275
002507.SZ,涪陵榨菜,2019-06-28,28.69,29.23,30.80,27.38,30.50,166806251,4866733823,1.81,7.2995,29.1760

数据来源: Wind
