,Stock,Alpha,Beta,ri-rf
0,600000.0,0.006728737002596024,0.6916661993116239,0.008904555555555554
1,600004.0,0.011361451172936363,0.8701274445289389,0.014098666666666667
2,600005.0,0.004312441289736064,1.0487178801929942,0.011766500000000001
3,600006.0,0.009653525366258124,0.6563464031571865,0.010664492957746477
4,600007.0,0.0027266157939322484,0.7114446801778334,0.0049646527777777805
5,600008.0,0.01215524558678083,1.1279777379270182,0.01570359722222222
6,600009.0,0.02002094682587669,0.6978689531198414,0.02221627777777778
7,600010.0,-0.0032522143627994886,0.9109365046121192,-0.0006671690140845088
8,600011.0,0.004196357041104622,0.935178670789498,0.007138208333333334
9,600012.0,0.011563352229849158,0.9780553188850121,0.014640083333333335
10,600015.0,0.005257866567058695,0.9856182572320538,0.00835838888888889
11,600016.0,0.0015826644334374896,0.9451650623302981,0.004555930555555556
12,600017.0,0.0005252343330801879,0.9930732599758343,0.003649208333333334
13,600018.0,0.015299485281596133,1.0096247713976623,0.018222676056338028
14,600019.0,0.006883968792841456,0.9559959680044603,0.009628536231884055
15,600020.0,0.0091171890886864,1.2131145747790422,0.012933361111111109
16,600021.0,0.014985617591666403,1.1285235076576114,0.01771098550724638
17,600022.0,-0.002559795033210495,1.0853973779718888,0.0027141029411764726
18,600026.0,0.002715843507224447,1.1992788889646255,0.005613057971014496
19,600027.0,0.006594176134477889,1.1011206354117835,0.010058041666666665
20,600028.0,0.002239112649476216,0.724969157101537,0.004519694444444446
21,600029.0,0.011997760266375513,1.3273417109471013,0.016173263888888897
22,600030.0,0.00643238424798915,1.7979926009173772,0.012088444444444445
23,600031.0,-0.0015776813286595783,1.2514980713194095,0.00235923611111111
24,600033.0,0.0056617097843875384,1.0225872338201603,0.008878527777777777
25,600035.0,0.011397919691304399,1.3099515819217542,0.015455895522388066
26,600036.0,0.010932190966089161,0.8874467447033288,0.01372388888888889
27,600037.0,0.008408859068830113,1.0925739536045846,0.011308704225352116
28,600038.0,0.01320059983112935,0.7294324914840811,0.015495222222222223
29,600039.0,0.0015108783405420158,0.9167211615310493,0.004394666666666668
30,600048.0,0.006260487432906046,1.2229404835902096,0.010107569444444442
31,600050.0,0.009922118213302961,1.2175540008802133,0.012635705882352946
32,600051.0,-0.002919215392638481,0.8597941780141337,0.0016789253731343294
33,600052.0,0.0003619200191435183,0.8942819182632284,0.005038514705882351
34,600053.0,0.043029865765648746,0.5866196950927273,0.047049951612903235
35,600054.0,0.0011871348386740498,0.6226507941255593,0.003145847222222224
36,600055.0,0.02160723544201365,1.2353331308394235,0.024735136363636365
37,600056.0,0.004886763427095332,1.0112630885853375,0.008067958333333331
38,600057.0,0.007618614532202795,0.9835349728753339,0.010712583333333333
39,600058.0,-0.00901421921077765,0.991416657421998,-0.007145261538461539
40,600059.0,-0.006463964937733286,0.8584007396048338,-0.0037636388888888867
41,600060.0,0.0027063066586745454,0.9775664830368559,0.0057814999999999984
42,600061.0,0.023459799678039104,1.884438550090517,0.028031420289855072
43,600062.0,-0.0027313028708269797,0.6404459555378378,-0.0007166111111111108
44,600063.0,-0.0011626204888211672,1.2271339247321171,0.00404112857142857
45,600064.0,0.008386698091361867,1.0950472965052,0.01183145833333333
46,600066.0,0.006620380825422885,0.6183164333409232,0.008565458333333335
47,600067.0,-0.005820052274488638,0.9459889346925181,-0.0028441944444444456
48,600068.0,0.0047797523336011285,1.5000765225754162,0.00949863888888889
49,600069.0,-0.0011734551943103535,0.8374233017716808,0.0017051449275362312
50,600070.0,0.012583811239743076,0.769933567068764,0.01579214705882353
51,600071.0,0.012846859906004345,1.0209178913268502,0.015153584615384618
52,600072.0,0.0006171270354220961,1.1992395138033225,0.0035142463768116
53,600073.0,0.006757442636432035,0.8061054800253334,0.009897098591549296
54,600074.0,-0.0042760109829784385,0.7110300378190545,0.003809654545454545
55,600075.0,-0.0005720939577219999,1.0667697173420467,0.0089225606060606
56,600076.0,0.019081777349869825,0.6214015809967229,0.018848723076923084
57,600077.0,-0.008501306718352513,1.0214489667382542,-0.005288069444444446
58,600078.0,-0.009445948166933426,0.8283672855763292,-0.00689566197183099
59,600079.0,-0.0004330462993582043,0.7301058899922328,0.0018636944444444447
60,600080.0,0.006519844647564814,0.7331428304171552,0.00882613888888889
61,600081.0,0.006926100383444479,0.7040586873529107,0.009140902777777777
62,600082.0,0.001839509811603145,0.752256312786479,0.004205930555555555
63,600083.0,0.027188822073234673,0.7107993272798473,0.02601665217391305
64,600084.0,0.002303741242075217,1.0787560515057555,0.006057290322580647
65,600085.0,0.008196530669894508,1.058962854666087,0.011527777777777776
66,600086.0,-0.003403318706725267,0.6749546229300086,0.0003905901639344283
67,600087.0,-0.04758957203405047,-1.7678401371494747,-0.03890114285714285
68,600088.0,0.007026941264519234,1.030175177250331,0.011767352941176468
69,600089.0,0.0034146998254663686,1.0985788320555483,0.006870569444444443
70,600090.0,0.022410406639979875,2.402965398317976,0.01122977272727274
71,600091.0,0.010860208460580797,1.389539587809257,0.007830212121212118
72,600093.0,0.009616364683789933,0.7967007782384828,0.012122597222222226
73,600094.0,-0.00615252570393149,1.0901756465650576,-0.00039652112676055875
74,600095.0,0.0008264156272152958,0.9436591308439432,0.0037949444444444463
75,600096.0,-0.012012658290146836,1.0977478394250304,-0.008559402777777777
76,600097.0,-0.0012872776277855933,0.5352583160053153,0.0021964117647058816
77,600098.0,-0.0017074937778657265,1.102843559488432,0.0017617916666666674
78,600099.0,0.0010661415028260773,0.7435747493365323,0.006733553846153845
79,600100.0,0.009237364566184295,0.9548071267062049,0.010982794117647063
80,600101.0,-0.0026731481628035954,0.7608144450069932,-0.0002798055555555555
81,600103.0,0.006981843196221747,1.33176399218538,0.004737492753623189
82,600104.0,0.009698659849469693,0.6946488480460155,0.011883861111111112
83,600105.0,0.024459064911541883,1.6130892861093193,0.02107964285714286
84,600106.0,0.0036990602742293876,0.8588676412580222,0.005237191176470591
85,600107.0,8.105816911040988e-07,0.85371261227948,0.0026863888888888927
86,600108.0,-0.012701973110884019,0.973668575393053,-0.009639041666666666
87,600109.0,0.00013175118798943548,1.2081940637310344,0.003932444444444443
88,600111.0,-0.012542140968914438,0.9088507462056102,-0.009683111111111111
89,600112.0,0.0013572827844516243,1.0206319681796174,0.0020151791044776134
90,600113.0,0.0050435973648121635,1.413026319242459,0.004837781250000003
91,600114.0,0.012182120049076341,0.7992863262610802,0.01469648611111111
92,600115.0,0.006150652646709973,0.9569703942112712,0.009161055555555554
93,600116.0,0.01164903893417232,0.8785235733221176,0.014412666666666666
94,600117.0,-0.0010530234612391976,0.9067476685394429,0.0026088450704225335
95,600118.0,0.01114176612667264,1.3269601486989557,0.015316069444444445
96,600119.0,0.014595211151085224,1.1237943315387255,0.018130402777777773
97,600120.0,0.013696780925817194,0.8377681196663925,0.017694584615384614
98,600121.0,-0.011943067899310747,1.0855113302738413,-0.008528305555555558
99,600122.0,-0.0037925628299165133,1.3310330862647715,0.009476870967741934
100,600123.0,-0.014292609101153472,0.8029574837548293,-0.011766694444444444
101,600125.0,0.0027719648214303335,1.2172036153425727,0.006600999999999999
102,600126.0,0.011418850134569676,1.0835808391684334,0.014806000000000008
103,600128.0,0.003461094216405809,0.9394963086107047,0.0064165277777777745
104,600129.0,0.011846552727160427,1.2352485724493099,0.013403753623188408
105,600130.0,0.01188849190571946,1.089774974229889,0.015316666666666664
106,600131.0,0.006723324478611814,0.9929298109889816,0.009846847222222222
107,600132.0,0.012962655077933172,0.8547024631396352,0.015651347222222223
108,600133.0,0.0072710160766938665,1.0514622230133897,0.011074199999999996
109,600135.0,0.006169157522278739,1.0544544400358986,0.009486222222222222
110,600136.0,0.021212905539183077,0.6021046976624231,0.02309758064516128
111,600137.0,0.012746620102753625,1.1559146585303428,0.02022230000000001
112,600138.0,0.00363346999281143,0.7045946290981124,0.005849958333333332
113,600139.0,-0.009983590774902214,0.7900022511859012,-0.004560951612903224
114,600141.0,-0.0036088897057102477,0.9525778714567744,0.00010125352112676038
115,600143.0,0.002991831712505375,0.9554888986806348,0.005967057971014492
116,600145.0,0.0015436711031273764,0.7664865263968103,0.016377484848484846
117,600146.0,0.005443333215792409,1.0419494098758244,0.007138584905660373
118,600148.0,0.016597748253099794,0.6696223251063235,0.02017639705882353
119,600149.0,0.006829835257669073,1.0064072987687427,0.010114955882352937
120,600150.0,-0.003702107496609145,1.0682636448753957,-0.0008240298507462676
121,600151.0,-0.0007023069273350163,0.8767075761813476,0.0013738030303030342
122,600152.0,0.009789418319669771,0.9477482872674771,0.013250347826086962
123,600153.0,-0.0029182275241078446,1.1569956047447987,0.007063344262295082
124,600155.0,0.02227014761699736,0.7527791170130232,0.02561711111111112
125,600156.0,0.006222522909725231,0.7697271485012188,0.00864390277777778
126,600157.0,-0.009984215601410603,1.3915514116034056,-0.0031856885245901633
127,600158.0,0.01100332212261454,1.1376719391170307,0.016461971014492757
128,600159.0,-0.0025016926885308094,0.9821138372777243,0.0005878055555555532
129,600160.0,0.004636955492231142,0.8210830462454256,0.007219888888888887
130,600161.0,0.018422860404680535,0.6454911859535698,0.020178811594202897
131,600162.0,4.426983153670537e-06,1.111798751539518,0.003473802816901409
132,600163.0,0.0016086100993484482,1.228476093573825,0.002512985294117646
133,600165.0,0.030013574961050348,0.5135500725311571,0.032009671875000006
134,600166.0,-0.00832516964062661,0.8721658938392285,-0.005581541666666665
135,600167.0,0.009204135933511961,0.597007700179531,0.013840045454545456
136,600168.0,0.0004175419151258202,0.9002413193768851,0.0030194848484848486
137,600169.0,-0.005775984985026382,1.335499321936023,-0.0015748194444444455
138,600170.0,0.004927091689294028,1.021048581076095,0.008139069444444445
139,600171.0,0.015950880401943077,1.074832971587996,0.019042281690140845
140,600172.0,0.00647486430786115,1.0746387032350164,0.007323859154929578
141,600173.0,0.009078335377591252,1.206732521833915,0.011791390625000004
142,600175.0,0.0006393387148398771,0.9971815813116625,0.005691691176470588
143,600176.0,0.016431930180643484,1.032464411989974,0.019679819444444444
144,600177.0,0.007703459698728285,1.207147626621178,0.011500861111111113
145,600178.0,0.0016154698438078665,1.044482974219447,0.0049011666666666665
146,600179.0,0.028077084485396787,1.596091337529839,0.019995835820895518
147,600180.0,0.005616179050358574,1.124131253997584,0.009152430555555556
148,600182.0,0.016157435278361724,1.0404778525597302,0.018588208955223878
149,600183.0,0.02198972677584224,0.7713312529608123,0.024416152777777783
150,600184.0,0.0034250140837570656,1.000741676282,0.006573111111111115
151,600185.0,0.010458743079649224,1.2258614903872305,0.014315013888888888
152,600186.0,-0.007104747061312866,0.8595177055583516,-0.000626074626865673
153,600187.0,-0.00098165484380864,0.9290778219266302,0.0020107971014492747
154,600188.0,-0.007918626176611796,0.9565292157268345,-0.00490961111111111
155,600189.0,-0.0004535820367927259,0.5931711667022324,0.001876754098360658
156,600190.0,-0.0014405311047888981,0.8561568226442116,0.0012527361111111107
157,600191.0,-0.0028440436000344935,0.8367139124122609,0.0019617164179104455
158,600192.0,-0.00013614397905183768,0.6205362877402697,0.001815916666666667
159,600193.0,-0.0063623282824993785,1.157774579887427,-0.0025101666666666627
160,600195.0,0.005911286828366543,0.9741701486857551,0.007534685714285713
161,600196.0,0.01393472703743322,0.7214536890651378,0.016204250000000003
162,600197.0,0.0016899712606409435,1.1200338604995785,0.005213333333333332
163,600198.0,0.008505073090628052,0.715472246565942,0.010401657142857146
164,600199.0,-0.018002238968405023,1.0988905085108354,-0.01454538888888889
165,600200.0,0.0022728995644409836,0.7927182001397352,0.007072130434782612
166,600201.0,0.024326429296654857,0.8926558671972897,0.027134513888888885
167,600202.0,-0.002141768448179055,0.9007680776842559,0.004221128571428571
168,600203.0,0.003419798471975083,0.8903975887868456,0.005295956521739132
169,600206.0,0.009844885055078377,0.5821118381964191,0.011189014084507046
170,600207.0,0.01222063983985387,1.5128959175653245,0.011409376811594204
171,600208.0,-0.004039515927897674,1.0123408764371515,-0.0008549305555555552
172,600209.0,-0.001207512695141111,0.5146961081209864,-0.0032779310344827586
173,600210.0,0.004924461034427265,1.178343034156326,0.00863125
174,600211.0,0.013967025097766034,0.3643518204882868,0.016116072463768113
175,600212.0,0.01737684290697139,0.9217945129385146,0.024843981818181825
176,600213.0,0.005442319795422634,0.9395526379371302,0.008397930555555554
177,600215.0,0.008472495382821927,0.9485091880959629,0.011778442857142855
178,600216.0,-0.0027345960956851262,0.6136599875905839,-0.0008041666666666641
179,600217.0,-0.008986538648681213,0.9747327533439744,0.0006044603174603162
180,600218.0,-0.0076481677585734775,0.8708363478985857,-0.004908722222222226
181,600219.0,6.703192428766512e-05,0.8970853099922105,0.0009997536231884053
182,600220.0,-0.002528391189201223,1.0451363854499576,0.0007593611111111119
183,600221.0,-0.003992130017851204,1.0968983875633034,0.0029436567164179105
184,600222.0,-0.0005364875608874313,0.9554690260762966,0.0014767826086956508
185,600223.0,-0.006522316921904301,1.3550489784635853,-0.0022596527777777784
186,600225.0,0.0017330333790579696,0.8923349569688777,0.005172238805970153
187,600226.0,0.01958008105099086,0.8528873411354473,0.027150309090909087
188,600227.0,0.012627196091716876,1.7779639051032672,0.008357387096774195
189,600228.0,0.004657963331908575,0.5579520659669648,0.00669023076923077
190,600230.0,0.014558741018177236,1.061854591951825,0.017903971830985917
191,600231.0,0.007634535870281096,0.8169917551770505,0.010590239436619724
192,600232.0,0.014163579591996696,0.49376474063946885,0.013578363636363638
193,600233.0,0.019450321355393877,0.9335647574550883,0.024125072463768115
194,600235.0,0.006071600850209007,0.9863473312212275,0.009174416666666673
195,600237.0,-0.0056682094496248,0.4950091582792423,-0.00515353623188406
196,600238.0,0.00342008759403655,1.1462488671714233,-0.000413333333333336
197,600239.0,-0.0027797446954251105,1.16898864540593,-0.00043766666666666823
198,600240.0,0.003210332738788066,1.3693875509504658,0.001603028985507249
199,600241.0,0.011582849152216058,1.1037752151712843,0.0089632
200,600242.0,0.034982949095226264,1.1154644310431168,0.034708916666666666
201,600243.0,-0.0026414037750865527,1.0045256717211837,0.0024085797101449317
202,600246.0,0.005864530326921542,0.9931696723220644,0.0040357076923076916
203,600248.0,-0.0016889946329973462,0.9693189944541316,0.0005679850746268674
204,600249.0,0.0004764223978799332,1.1269060568782756,0.00402140277777778
205,600250.0,0.02155123498727772,1.2113655419098117,0.015417910447761193
206,600251.0,-0.0024970851648797874,0.8177934694864999,7.550000000000072e-05
207,600252.0,0.00019411998202757252,0.9681995686174746,0.003239847222222223
208,600253.0,0.014728073569794747,0.46494649293357476,0.004548999999999997
209,600255.0,0.0019905636850433847,1.0085207641521443,0.004925390625000003
210,600256.0,-0.010793567780204513,0.8021717043410452,-0.008270124999999998
211,600257.0,-0.0024618564795590263,0.9077137256262952,0.0010352153846153866
212,600258.0,0.01552300538220672,0.8724187233801279,0.018381721311475408
213,600259.0,-0.00834036238942105,0.8347346493451481,-0.006503897058823528
214,600260.0,0.01592230188258143,1.0790198609326438,0.018250071428571425
215,600261.0,0.0011118298156049017,0.3877624374774138,0.0023316388888888853
216,600262.0,0.008133996185190246,0.7312579733164188,0.01043436111111111
217,600265.0,0.024864052783418036,0.45633272119608426,0.02628804225352113
218,600266.0,-0.00188812508422993,1.4390472463610895,0.0026387777777777768
219,600267.0,-0.005923691800404186,1.092036511309748,-0.002488402777777778
220,600268.0,-0.000690405400416756,1.073940655776095,0.0026879583333333356
221,600269.0,0.002817027794934823,1.0014128292663984,0.005967236111111112
222,600270.0,0.02094664427441949,0.9112197411331784,0.023903942857142854
223,600271.0,0.020805159342335875,0.8842044048169638,0.02466786567164179
224,600272.0,-0.003136865246008061,0.6856146833818855,-0.0009800833333333374
225,600273.0,0.012798302062844985,0.837266403642305,0.015535287878787878
226,600275.0,0.004563769198202276,0.7163968040254978,0.006773739130434787
227,600276.0,0.023322573843093178,0.4612184962020861,0.02477345833333334
228,600277.0,-9.01009663111076e-05,0.6825674914089451,0.005610063492063493
229,600278.0,0.013292285096029467,1.3883197116310684,0.017659611111111116
230,600279.0,0.0037726924506147866,0.9238002761903594,0.006678750000000001
231,600280.0,0.006501009477991513,1.0663543485068216,0.009160771428571428
232,600281.0,-0.005481026800735952,0.8445619521851094,-0.0025057183098591554
233,600282.0,0.008460230753720165,1.1249316132018288,0.011999000000000001
234,600283.0,0.0076036569684655555,0.8358272733194121,0.010232972222222225
235,600284.0,-0.0025712087417664835,0.7778138164700578,-2.4985915492959082e-05
236,600285.0,0.009095734103671056,0.7209083844485921,0.011363541666666664
237,600287.0,8.813186368339648e-05,1.0858426233421583,0.003667619718309857
238,600288.0,0.014780915615942627,1.4477128749811403,0.011747957142857137
239,600289.0,-0.001364692522733013,0.9917515016036526,0.0003573235294117632
240,600290.0,0.005988681893005381,1.1420200107365641,0.008952521739130434
241,600291.0,0.008229535325925358,1.0718589115134958,0.016291840579710143
242,600292.0,-0.0067193369634343785,0.8907448789919211,-0.003917263888888891
243,600293.0,0.01807317481217483,1.1204556734372884,0.017267787878787882
244,600295.0,0.0030893180262453654,1.0687360937329928,0.0044101641791044754
245,600297.0,0.009240963043147754,0.6146642087725894,0.010567818181818183
246,600298.0,0.021213340405241383,0.38442566424256897,0.02242265277777778
247,600299.0,0.02166560131890747,1.2206980870124429,0.02441122058823529
248,600300.0,-0.009384297129180083,1.100648549861878,-0.005921916666666666
249,600301.0,0.00691199347967008,0.6463532682747544,0.008232428571428575
250,600302.0,0.0051173460850976165,1.128687528965195,0.008667930555555557
251,600303.0,0.009282304026854832,1.0624443748516383,0.0124159014084507
252,600305.0,0.019220455624270424,0.8836362615180429,0.02200016666666666
253,600306.0,0.006725871601402478,1.0373217665828018,0.009331815384615383
254,600307.0,-0.00758045092972028,1.0594956486450482,-0.004247527777777778
255,600308.0,0.003557278347574256,0.9734164505823683,0.006619416666666665
256,600309.0,0.014440057206328155,0.7751638320598894,0.0177515223880597
257,600310.0,0.00612775079128875,1.0648709376684264,0.009477583333333336
258,600311.0,-0.008607366176741989,1.0525325712506828,-0.0052963472222222205
259,600312.0,0.0037190681617587755,0.6928853884001142,0.008228661764705887
260,600313.0,0.00024464837208430226,0.9861067011156484,0.0028975571428571426
261,600315.0,-0.00023498300390177557,0.40969976699416427,0.000483774647887324
262,600316.0,0.0005421503915102985,1.1233897958509402,0.004076069444444446
263,600317.0,0.012358074558368308,0.8186036415703728,0.01493320833333333
264,600318.0,0.02263334861203333,1.3748087867953076,0.022063384615384613
265,600319.0,-1.1154611755753024e-05,0.9840138178542712,0.00757196825396826
266,600320.0,0.002270314583414093,1.2618704606908993,0.006239861111111109
267,600321.0,0.0005425999756422653,1.2997997799758436,0.004447102941176466
268,600322.0,0.0009771156340179022,1.01922194463768,0.0041833472222222255
269,600323.0,0.013158844557712228,0.6061952442758551,0.0148790985915493
270,600325.0,0.008953354457008265,1.045552789666019,0.012242416666666667
271,600326.0,0.0020177365795132707,1.1355966633923238,0.005590055555555553
272,600327.0,0.006943221039206018,0.9790944807633325,0.010972084507042255
273,600328.0,0.0011009108621183403,0.5872983352278935,0.003896424242424238
274,600329.0,0.004080393936641067,0.7596796245473122,0.006470166666666669
275,600330.0,0.010380540688186515,0.8866357433262985,0.01276250746268657
276,600331.0,-0.014965997159740119,1.1256178813051203,-0.011220342857142858
277,600332.0,0.010748851006396583,0.6324817092196897,0.012763314285714283
278,600333.0,-0.005089254476433474,0.8822586477668651,-0.0013075211267605646
279,600335.0,0.0001606544502434533,0.891370838259204,0.0061956250000000015
280,600336.0,0.009418949956251487,0.8974573529212243,0.012242138888888884
281,600337.0,0.009601137767282681,0.6252282865213221,0.011567958333333331
282,600339.0,0.0016828675984983288,0.7817985639383382,0.002642181818181817
283,600340.0,0.01889498690446972,0.9039623076808772,0.02173863888888889
284,600343.0,0.012406906616876386,1.2041887175650694,0.016195
285,600345.0,0.01336670354891991,0.800827146196457,0.015885916666666666
286,600346.0,0.022859668437725626,1.0080657704495746,0.032305906249999995
287,600348.0,-0.012831748574255536,0.8184988513936228,-0.010256944444444445
288,600350.0,0.00643956215488981,1.1327204788093947,0.010002833333333336
289,600351.0,0.0030022276635671575,0.6410631944332753,0.005018861111111111
290,600352.0,0.02005164916689627,0.9877889577406508,0.023159
291,600353.0,0.011008899555725196,1.3280037158762155,0.01455774285714286
292,600354.0,-0.006595657896362846,1.0736235613948435,-0.003218291666666666
293,600355.0,0.012731655050407673,0.9440353236221877,0.019400185714285714
294,600356.0,-0.0032782813318168007,0.8532754062463428,0.0015504285714285713
295,600358.0,0.009901508325169818,1.0949623537702309,0.012544365079365079
296,600359.0,0.0023717254228687204,0.9939955175163395,0.005292042253521127
297,600360.0,0.009653405314534267,0.9715791401732183,0.012709763888888892
298,600361.0,-0.003872555961466533,1.0057486003028338,-0.0007087083333333347
299,600362.0,-0.006826668405540429,1.1199148996618509,-0.0033036805555555562
300,600363.0,0.009803845005817423,0.8909470284426834,0.012326102941176476
301,600365.0,0.005456831932109859,0.9852702866534137,0.0062127343750000025
302,600366.0,-0.004802378096094197,1.1026112939690145,0.002328571428571434
303,600367.0,-0.0023764914103040873,0.9941516657846501,0.0007508749999999996
304,600368.0,0.0038328026983654225,0.8152242023783731,0.006397305555555555
305,600369.0,0.0033209217929056037,1.656638233088998,0.005409114285714284
306,600370.0,0.01259876232131326,0.9022619536379608,0.015803171428571437
307,600371.0,-0.0005740179833733311,1.2674641594864346,0.0034131250000000012
308,600372.0,0.00376859661985068,0.9302282318406645,0.006694875000000003
309,600373.0,0.011960388625368093,0.44374116064473473,0.013397400000000002
310,600375.0,-0.011046646584104926,0.6340193467995948,-0.0077029846153846135
311,600376.0,0.0028452147792013965,1.1770923680324055,0.006548069444444447
312,600377.0,0.01136858338666663,0.5667277253802628,0.013151375
313,600378.0,0.0035127590537557514,0.8076281149325777,0.005688641791044776
314,600379.0,0.0029043683909087863,0.8567998625871145,0.005674316666666667
315,600380.0,0.011608406188444484,1.4556910944259145,0.01618766666666667
316,600381.0,-0.019805777014298948,0.9629892448625674,-0.018331285714285717
317,600382.0,0.0024776945739054565,1.0590829408102038,0.005809319444444443
318,600383.0,0.00870865209734419,0.5654343318449341,0.010487375
319,600385.0,0.019326190381082214,0.7009067965952538,0.022806166666666666
320,600386.0,0.004415896220226107,0.9553167714241829,0.007421097222222222
321,600387.0,0.005155464950357619,0.8113142518397445,0.007725202898550726
322,600388.0,0.017925416529226385,1.1587187792035156,0.02157047222222222
323,600389.0,0.014871833480424266,0.5282913209023479,0.01760930303030303
324,600390.0,0.014807359334551433,0.7346094589373912,0.01591548529411765
325,600391.0,0.007748907351693626,1.2533198113779964,0.01169155555555556
326,600392.0,0.017828767219479503,0.8792915670366501,0.021577811594202898
327,600393.0,0.0011752551289837007,0.8952772896745059,0.0030859047619047632
328,600395.0,-0.012851066925202808,0.8583083070738802,-0.008319295774647887
329,600396.0,-0.0005540916484768639,1.1490058349266274,0.00029177941176470614
330,600397.0,-0.00961418378142771,1.0996691726150716,-0.006685718309859158
331,600398.0,0.01882628336567043,0.622404212206832,0.020350183098591542
332,600399.0,0.004733699003232981,1.1914204362016936,0.013512140625000004
333,600400.0,0.019846017887271326,0.6401864476548427,0.021658941176470593
334,600401.0,-0.0069326746159675216,0.7238481880414258,-0.0008884838709677408
335,600403.0,-0.012212479632530499,0.7359391312929466,-0.00989738888888889
336,600405.0,0.01008838416006822,0.8941316164819908,0.012901111111111115
337,600406.0,0.011321727527749063,0.7015522120228124,0.01318934328358209
338,600408.0,-0.0038206016230071895,0.7982015516476603,0.0028966825396825424
339,600409.0,0.010238813489786162,0.6563519227152752,0.012303541666666666
340,600410.0,0.012904174794081309,1.04087123974892,0.017365788732394367
341,600415.0,0.005834437976757644,1.4752973163798306,0.010475375
342,600416.0,0.0044236307386968324,1.0711687659446307,0.00901511267605634
343,600418.0,0.00018657083688544554,0.8995978716462246,0.003122228571428569
344,600419.0,0.01899863981714104,0.8685464796355055,0.022760600000000006
345,600420.0,0.0064360523760376865,0.6665172668276387,0.010453073529411766
346,600421.0,0.015666118948327163,0.9314804537305916,0.016351852941176477
347,600422.0,-0.0038420085852600323,0.5742008350679791,-0.002035708333333339
348,600423.0,-0.003879671217101744,1.3439217414187041,0.005340629032258069
349,600425.0,-0.0027340399748322446,1.041837030344695,0.0005433333333333339
350,600426.0,0.0156540914508257,1.034346963688159,0.018907902777777777
351,600428.0,0.004375518971339505,1.4744207269636715,0.007937420289855075
352,600429.0,-0.0008897942327922353,0.5321894323004187,-0.0003364637681159414
353,600432.0,-0.02543581706850772,1.1563496181639688,-0.01971672
354,600433.0,0.005749418038725612,0.770529728797707,0.0073253188405797065
355,600435.0,0.01684830437149451,1.0868588059444801,0.020267305555555552
356,600436.0,0.020142142535605888,0.753900692891129,0.022513736111111113
357,600438.0,0.025937598569250032,0.7502687526220556,0.023579089552238804
358,600439.0,-0.003676997739646268,0.9665242986301371,0.0003001408450704213
359,600444.0,0.0005428761140098635,0.7507406947356156,0.003962521739130438
360,600446.0,0.03104236771888591,1.139330474887125,0.03748987142857143
361,600448.0,0.006022289944605675,0.5507764467768788,0.00816747887323944
362,600449.0,-0.0004814923107158012,0.8988606652311876,0.002346111111111112
363,600452.0,0.012340448704136805,0.7321463726270703,0.017179371428571427
364,600455.0,0.012984576886103792,0.6315297965843141,0.016485883333333326
365,600456.0,0.0009567613500783786,0.9972413642436112,0.004093847222222221
366,600458.0,0.0016946110346630536,1.3222121302537766,-0.0021177014925373135
367,600459.0,0.004509755634354679,0.9518735262432423,0.007504125
368,600460.0,0.023282391966442162,0.8480977350177993,0.025218514285714293
369,600461.0,0.005814541390637452,0.7761756486498157,0.007359895522388061
370,600462.0,-0.0008037667614377375,0.8335763521981201,0.0040005573770491775
371,600463.0,0.00490614146867807,1.1510532870711447,0.008527083333333331
372,600466.0,0.009913742631848094,1.178206451113026,0.013419911764705882
373,600467.0,-0.003725310539301332,0.9563891424962845,-0.0007167361111111112
374,600468.0,0.004957665357099236,1.1458440547468933,0.005637393939393939
375,600469.0,-0.00475806743968946,0.5753705401662857,-0.0015993281250000022
376,600470.0,-0.009208147833187387,1.0762650124262878,-0.00582247222222222
377,600475.0,0.0017122736738897754,0.8909911610655796,0.002343514705882353
378,600476.0,0.013817263121640755,0.799956092813818,0.01633373611111111
379,600477.0,0.016568198538547577,0.9752608456017778,0.01963613888888889
380,600478.0,-2.3082949676813107e-05,0.9308471631953169,0.003602422535211267
381,600479.0,-0.0001870670930736399,0.8350817046791412,0.0024399027777777774
382,600480.0,0.007097435187413378,0.7402148146949287,0.009250432835820895
383,600481.0,0.00860117111580467,0.9656837236625484,0.009494073529411767
384,600482.0,0.017361747743192497,0.7701713721586094,0.024410514705882354
385,600483.0,0.010166404825687897,0.8217473090260302,0.011753457142857141
386,600485.0,0.028897796267161772,1.0342866432918576,0.03489153333333334
387,600486.0,0.019693881050331426,0.674397070028643,0.021815375
388,600487.0,0.034378264962177114,1.3574807183934392,0.03153434285714286
389,600488.0,0.0007647877864406971,0.8639999956928714,0.003776185714285713
390,600489.0,-0.006597210552182278,0.8166854003714167,-0.0040281111111111125
391,600490.0,0.0014360445227948708,0.7590261677097886,0.007080851851851854
392,600491.0,0.00633761635113103,1.444109683297936,0.010880444444444446
393,600493.0,0.00969915326581761,0.803946951858242,0.012228180555555562
394,600495.0,0.001372259863791574,0.8924183306784115,0.0041795972222222234
395,600496.0,-0.0033415264828028377,0.7950370063877977,-0.0008405277777777796
396,600497.0,-0.003333429898688167,1.188500043220374,-0.0006196428571428579
397,600498.0,0.015755130086513656,0.7024428114177798,0.017788929577464786
398,600499.0,0.0012735187090752347,0.7300011736698732,0.007034275362318839
399,600500.0,0.00499283306995749,1.0567651337250745,0.008317166666666665
400,600501.0,0.0006109435757752709,1.1745251000868913,0.00430572222222222
401,600502.0,-0.001469370799544371,0.881705274346153,0.002382417910447761
402,600503.0,0.02932695669074417,1.393331502380308,0.027029231884057963
403,600505.0,-0.006078169204773977,0.8109635212420863,-0.0035270694444444455
404,600506.0,0.004440030320946709,0.8448295486514549,0.009942878787878787
405,600507.0,0.0243435619630145,1.11222119103272,0.027842347222222223
406,600508.0,-0.006614524363093564,0.7753405335337936,-0.0041754861111111125
407,600509.0,-0.009898486671914397,0.8888718972950249,-0.007102305555555555
408,600510.0,0.0010080657687352255,1.1297093349315614,0.002744985915492958
409,600511.0,0.009658125853063915,0.7846844968094066,0.011044850746268656
410,600512.0,-0.00478742211706957,1.0583336693682515,-0.0009291549295774657
411,600513.0,0.00551318008741693,1.256584179368116,0.009466097222222226
412,600515.0,-0.0028445749627035236,0.7414040109210613,0.004826622950819675
413,600516.0,0.023906866621841365,0.9407100566862711,0.024431057142857145
414,600517.0,-0.006736317118346663,0.7484807421574933,-0.005792857142857143
415,600518.0,0.008210331124701369,0.8471143249144653,0.010875152777777782
416,600519.0,0.018926647251740626,0.6908691047249393,0.021099958333333335
417,600520.0,0.014484552354571353,1.055621437208247,0.01912655714285714
418,600521.0,0.0161861873755334,0.8237157948811034,0.018777402777777782
419,600522.0,0.019761433284730796,0.75513864337363,0.020358014084507044
420,600523.0,0.009345917239675917,1.0846904291191162,0.012758097222222224
421,600525.0,0.006788670474544654,0.8850151404617359,0.00804071212121212
422,600526.0,-0.0003759540012539704,1.1534810397151634,0.003252625
423,600527.0,-0.0019366745257221576,0.879059431122079,0.0008286388888888872
424,600528.0,0.012196502367251562,1.3899223692243572,0.014512728571428567
425,600529.0,0.016450205561894464,0.5740694122836731,0.019248535211267608
426,600530.0,0.012631363075431841,1.0873038911517905,0.014527507462686561
427,600531.0,0.00035463360188441777,1.2036750509473577,0.004141111111111108
428,600532.0,-0.009158077721643069,1.007368014038047,-0.006645442857142856
429,600533.0,-0.005411182626925597,1.0203411202388515,-0.0011154264705882408
430,600535.0,0.0006259334106406278,0.5329335942686365,0.0023024166666666666
431,600536.0,0.03539034258250583,0.822840831186472,0.03797880555555555
432,600537.0,0.00011640248082803,0.934462223803537,0.003056000000000003
433,600538.0,0.0012018044726230278,0.4301231174832668,0.0036034411764705888
434,600539.0,0.007426408457779778,0.8108943063987899,0.009841125
435,600540.0,0.0017988322793608268,0.8726634631507433,0.003973771428571425
436,600543.0,-0.0024753890329283616,1.1890903126817023,0.001265208333333334
437,600545.0,0.00912320217709692,1.231000817427547,0.01243031343283582
438,600546.0,-0.014006952664077671,1.007566111564842,-0.010362542857142857
439,600547.0,0.0012673907142129728,0.619279611503421,0.003698238805970147
440,600548.0,0.016360961548222447,0.950258365650386,0.019350250000000003
441,600549.0,-0.0058817309509482715,0.9426019491303372,-0.0029165277777777766
442,600550.0,-0.0024700826797271268,0.9736239340398384,0.0005927083333333335
443,600551.0,0.004775523351429354,0.6285891029056885,0.007198208955223876
444,600552.0,0.010091482438418144,1.5966875799079068,0.0011499032258064537
445,600555.0,0.0006316419934756998,0.9250594691579752,0.006652323529411764
446,600557.0,-0.0038938184521277153,0.5125761211205351,-0.002281374999999999
447,600558.0,0.011449289290925124,1.1236492073067081,0.01335211594202899
448,600559.0,0.015523446914362351,1.6429209047645346,0.014189951612903224
449,600560.0,0.007217160321757747,1.0754562212562846,0.010600291666666666
450,600561.0,-0.006185765550073086,0.9055839581913957,-0.00046842028985507217
451,600562.0,0.01172966478841345,1.0791414169594544,0.015124388888888889
452,600563.0,0.019525120879722108,0.5871974951323787,0.021372305555555554
453,600565.0,-0.002100857197453195,0.8457684721595232,-5.7652173913037376e-05
454,600566.0,0.02815418238428923,0.47322475804901937,0.030794614285714283
455,600567.0,0.001928923048102877,0.8422461446680628,0.004578430555555555
456,600568.0,-0.00938096880477348,1.1596801641182835,0.0032003442622950814
457,600569.0,0.00908232672731242,1.1452386137941932,0.0105259
458,600570.0,0.029537133637307533,1.5102071927144423,0.03428788888888889
459,600571.0,0.025456593177828682,1.6976445614957134,0.02567898461538462
460,600572.0,0.0068700461913701015,0.740342704570268,0.010674910447761194
461,600573.0,0.0028817349610317936,0.9136231828769336,0.00575577777777778
462,600575.0,0.0019611379129055957,1.2614624309277376,-0.0011151967213114745
463,600576.0,0.017403198713562607,1.2787730507018575,0.023264360655737715
464,600577.0,0.010514901121960182,0.977453482430361,0.012776145161290327
465,600578.0,-0.0040005388262446635,1.0744088733961843,0.0020345999999999984
466,600579.0,0.013250867340633948,0.8617948058069609,0.015050999999999997
467,600580.0,0.009678961952499947,1.0497085561270838,0.012981097222222222
468,600581.0,0.01217419784490815,1.0646143843822125,0.014364584615384621
469,600582.0,-0.0030684840233566038,1.0012363939542923,-0.0010455070422535197
470,600583.0,-0.00017211580911236828,1.0646960783067645,0.003177166666666667
471,600584.0,0.019664904897366907,0.8880133677038495,0.01895121538461538
472,600585.0,0.007950054813907068,0.9001967080893226,0.010781861111111112
473,600586.0,-0.0006375359243704502,1.0922562818370043,0.0027984444444444415
474,600587.0,0.00153004711514484,0.6493300147596225,0.00359902898550725
475,600588.0,0.03004597262975185,1.0303802320486877,0.03328730555555556
476,600589.0,-0.0029634913221754317,1.0189494710614926,0.003469579710144925
477,600590.0,0.008394240744718463,0.7012683122537732,0.011289400000000002
478,600592.0,0.0051331123832442935,1.0140759085100686,0.008325800000000005
479,600593.0,0.019721412953081205,0.7124395234020882,0.023753128571428573
480,600594.0,-0.004940494436065836,0.786139205707589,-0.0024674861111111095
481,600595.0,-0.009933735938120244,1.2136758438256974,-0.004731408450704225
482,600596.0,0.011953833790476619,1.0234308354960753,0.015173305555555556
483,600597.0,0.002992621922106864,0.8358577001620136,0.0034583857142857126
484,600598.0,0.004039697412916184,1.1028979318310532,0.010014732394366194
485,600599.0,0.0072881544298084725,1.2119642140723343,0.009237117647058823
486,600600.0,0.0019705373639288645,0.5384061890863899,0.0036642361111111125
487,600601.0,0.0036351557901279454,1.0226838698902325,0.006852277777777781
488,600602.0,0.00481315154632475,0.9681362306030102,0.011198313432835822
489,600603.0,0.015193131137309772,0.49202105466651747,0.01605319117647059
490,600604.0,0.02861664737200809,0.8445789348059838,0.03039626086956522
491,600605.0,0.009600802811351736,0.9762923004162156,0.012693971830985916
492,600606.0,0.00838241937252082,1.4674363399015085,0.014130734375000002
493,600608.0,0.00011921653249692687,0.8003362420146488,0.002688070422535212
494,600609.0,-0.004032287655636532,1.0620142914921786,0.003937515624999999
495,600610.0,0.00010380809144819672,-0.11254108050805654,-0.0006221964285714278
496,600611.0,0.005787798743263474,1.1886420913708031,0.009526986111111113
497,600612.0,0.013177301422395777,0.7030940973862733,0.015389069444444443
498,600613.0,-0.01077103345160356,0.7147902095651397,-0.008522472222222223
499,600614.0,0.0013202613518147276,1.122435463337842,0.002771383333333333
500,600615.0,0.004859316270702919,0.8533036538664741,0.0067076956521739135
501,600616.0,-0.0074008711874877075,0.9995352016561739,-0.004256569444444443
502,600617.0,0.0009953066990823845,0.6582402476011877,0.0049917058823529415
503,600618.0,-0.0021989893173827574,0.9999436228241619,0.0009465972222222217
504,600619.0,0.012709137888326507,1.3413306297091179,0.01215528169014084
505,600620.0,0.01888189995268451,0.8358983938134815,0.02090126086956522
506,600621.0,0.015854268167443286,0.9150043757038577,0.018806542857142866
507,600622.0,0.006037591470166404,0.71748989806722,0.00911305633802817
508,600623.0,0.00810238318626512,1.2241199960079268,0.007445971014492753
509,600624.0,0.013987292041763855,0.8852070597275983,0.016771944444444443
510,600626.0,0.01507578832912881,0.8942857030076862,0.017889000000000002
511,600628.0,0.0025708739504285783,0.6603152181595384,0.004518422535211264
512,600629.0,0.014225626808755241,1.1395201406991033,0.016019939393939395
513,600630.0,0.0089601341944261,0.860762215507277,0.011667888888888887
514,600633.0,0.011311220616266805,0.7162376375687687,0.01287841176470588
515,600634.0,0.010468777826623692,0.3537357871877327,0.013294399999999998
516,600635.0,0.011480556072621051,1.2212629981733996,0.015322361111111108
517,600636.0,-0.00043883694491085644,0.8159741775795912,0.0005686379310344823
518,600637.0,0.00591481635477426,1.0197126288282663,0.0071750746268656705
519,600638.0,0.003208707494776627,0.7385816922054915,0.00553211111111111
520,600639.0,0.00893629279451719,1.2480322140933462,0.013923394366197184
521,600640.0,0.00944758733144181,0.6521096569835664,0.011481753623188401
522,600641.0,0.01142367789520572,1.0423504267115755,0.019584784615384616
523,600642.0,0.002531047572431077,0.903444114814731,0.005373069444444444
524,600643.0,0.006112498907131325,0.993620310326528,0.011604859374999998
525,600644.0,-0.008816528232235228,0.8123094669680857,-0.0062611944444444425
526,600645.0,0.00015610137808402466,1.056725583204705,0.009502677966101693
527,600647.0,0.014181757005120567,1.1761512710812632,0.01597594117647059
528,600648.0,0.02573022113081479,1.032389582910596,0.028977875000000004
529,600649.0,0.0167274954802904,0.7979518733650541,0.010329016949152538
530,600650.0,0.014557295957305353,0.999539464774121,0.01770161111111111
531,600651.0,-0.0001472649033816137,0.7948588348808241,0.0022998591549295783
532,600652.0,0.0078949425274778,0.6220310831278687,0.012970476923076927
533,600653.0,0.00048006360429013657,1.0815167735141542,0.0010349999999999995
534,600654.0,-0.002793233562292029,0.948506888245093,0.004997907407407411
535,600655.0,0.005917223957486445,0.9341974964971145,0.006591096774193549
536,600656.0,0.0064407809331038235,-0.16328989947758563,0.0022900333333333352
537,600657.0,0.003089962714073923,1.3413046363160555,0.006130059701492537
538,600658.0,0.00533713453976435,0.8757602293073425,0.00809206944444444
539,600660.0,0.01660205904942727,0.6294167572848691,0.018582055555555553
540,600661.0,0.028479268220754937,0.8037592052027052,0.032611985294117636
541,600662.0,0.006846010292790567,0.823043594424067,0.00943511111111111
542,600663.0,0.01749798310038171,1.1044911259059542,0.019040632352941178
543,600664.0,0.0013930167505598991,0.7424265486320916,0.0030622686567164186
544,600665.0,0.000718953792292293,1.4909526786682057,0.005409138888888892
545,600666.0,0.02774952179444138,0.8140669935667553,0.027821777777777775
546,600667.0,0.01491650167049448,0.9164779058069762,0.013541716417910446
547,600668.0,0.0042637317299129346,0.9448566875483724,0.007236027777777775
548,600671.0,0.01535922829429788,0.39797034054486974,0.0156785
549,600673.0,0.020651210467830725,0.904309113215794,0.02228763934426229
550,600674.0,0.010696601176998704,0.7717685390674996,0.013124402777777777
551,600675.0,0.007806821973739022,0.9077480607284923,0.009359477611940293
552,600676.0,0.004675767493601544,0.9316232977836683,0.008669098591549296
553,600677.0,0.014310625774888081,0.9272893788272426,0.013173073529411761
554,600678.0,0.01602630191802655,2.108315620669483,0.021617093749999997
555,600679.0,0.012531682978758577,0.6285006267998512,0.013040014285714295
556,600680.0,0.005929827669813262,0.7840949837022184,0.011415968749999998
557,600681.0,0.01824021822735183,0.5049008496030707,0.020195296874999998
558,600682.0,0.017444231279982382,1.3001812925889877,0.02709675438596491
559,600683.0,-0.0006883143552229905,0.9745143759290735,0.00237727777777778
560,600684.0,-0.0010727363956510787,1.1375792864605314,0.002505819444444449
561,600685.0,0.006094650750524354,1.5197832419734647,0.007098754098360657
562,600686.0,0.003744638158797311,0.8595462520583128,0.008029463768115941
563,600687.0,0.003253726663930188,1.0767368704306164,0.00584066153846154
564,600688.0,0.016204461865762437,0.7883480014063453,0.01878516901408451
565,600689.0,0.012681047755403812,1.1292124680708084,0.01916680597014925
566,600690.0,0.011557496520990777,0.8395114900611921,0.016245304347826093
567,600691.0,-0.0030371565087820864,0.8900010006309576,-0.0024041594202898514
568,600692.0,0.006430799691993363,1.012664395136661,0.00961640277777778
569,600693.0,0.00828606253932631,0.6893551609020324,0.010454611111111112
570,600694.0,-0.004790254500546954,1.1880908275438504,0.0005943428571428563
571,600695.0,0.013041191481432178,1.2795012271210604,0.01600241428571428
572,600696.0,0.0014478542354744513,0.6202035009531103,0.003269985915492959
573,600697.0,-0.0012253919517001607,1.0564083998428737,0.002097819444444445
574,600699.0,0.019239817368985557,0.5267288467836061,0.022428710144927533
575,600701.0,0.03836651399974879,1.61268109044495,0.0278281
576,600702.0,-0.0004977547608301675,1.1884605625892102,0.005777183098591553
577,600703.0,0.012371565169972464,0.571576890271232,0.014169611111111112
578,600704.0,0.018157896007027847,1.527956386069394,0.015582913043478263
579,600705.0,0.011746893530153514,1.8137154181918351,0.012864115942028985
580,600706.0,0.001897068759283139,0.9779335055149749,0.004973416666666669
581,600707.0,0.0028271699340230282,0.7041012486145118,0.005569535211267611
582,600708.0,0.011734166601174646,0.8834756931014227,0.014595214285714293
583,600710.0,0.0022021970160167746,0.8422118650119781,0.0041801153846153846
584,600711.0,0.0072958415171024815,1.1784755417895525,0.0115920985915493
585,600712.0,0.0002505632013849344,0.8180597783628112,0.002823986111111113
586,600713.0,0.0009293458424800504,0.9579995114304354,0.0039429861111111115
587,600714.0,-0.010335791287811123,0.8168857853740991,-0.0048703088235294125
588,600715.0,0.019621936928110414,0.9475858638380154,0.023935703125
589,600716.0,-0.0016322852533401098,1.1036470484579706,0.0018395277777777787
590,600717.0,0.006113016827725807,0.9140148277169118,0.008988291666666667
591,600718.0,0.011626271167224329,0.9033288856700967,0.014467930555555557
592,600719.0,-0.0013128280487812371,0.910238644032905,0.006162734375000001
593,600720.0,-0.0008335170100627052,1.0935394808914762,0.0026065000000000007
594,600721.0,-0.008276262480603029,0.7098385715511207,-0.0034042424242424233
595,600722.0,0.0037680196964969713,0.887781808191132,0.005271420289855075
596,600723.0,-0.001220348120155193,0.9674344451364222,0.001822972222222222
597,600724.0,-0.009635428757356498,0.9417802220365906,-0.0055493
598,600725.0,0.016670978364838357,1.3386872325518022,0.013963836363636371
599,600726.0,0.0011024026835505544,0.777337278016558,0.0035477222222222247
600,600727.0,0.003657745505915409,1.1123595575439325,0.008875235294117647
601,600729.0,0.004175442306116037,0.8587873190192384,0.007269358208955225
602,600730.0,0.021287922794638224,1.0835762314360324,0.023868402985074626
603,600731.0,-0.003200461529879951,0.9237741678684152,-0.0002944861111111092
604,600732.0,0.009258735340083828,0.77930425446313,0.011834137254901962
605,600733.0,0.014351499485919527,1.1520968271618528,0.017885279999999993
606,600734.0,0.013026318846031691,1.2749752361446003,0.030184788461538468
607,600735.0,0.017185811510341965,1.1740080833664026,0.019421875
608,600736.0,0.004815404179913076,0.9222697477378213,0.006833411764705877
609,600737.0,0.007469801207122253,1.019074651039528,0.010675569444444446
610,600738.0,0.0020762906545976514,0.9864321371345742,0.0056525217391304354
611,600739.0,-0.004969336483653222,1.2742409073674732,0.000395367647058822
612,600740.0,0.0010787876806904332,0.8820813159292267,0.005124999999999996
613,600741.0,0.010878722680945453,0.8407998718379093,0.013523680555555554
614,600742.0,0.006924181861575876,0.8267948783263955,0.009525083333333333
615,600743.0,-0.0015002017350572003,1.0402504466947107,0.0017721805555555557
616,600744.0,0.0011227501656751126,1.07660823686032,0.0027654202898550768
617,600745.0,0.02848730611104286,1.551293256112321,0.03535434545454545
618,600746.0,0.008472475873942075,0.538716633889662,0.009809085714285714
619,600747.0,-0.011694265342866413,0.7912347704261866,-0.012510369230769227
620,600748.0,-0.0019542631759743067,1.1227618652515514,0.0015776805555555555
621,600749.0,0.010511577505816163,1.301440531795356,0.008726491803278693
622,600750.0,0.007045463873724022,0.32480080560113644,0.008423942028985505
623,600753.0,0.01703203389907939,0.9158705321272272,0.025680451612903225
624,600754.0,0.00996519230209715,1.2053216302401424,0.012416362318840581
625,600755.0,0.010611078971058889,1.1152798696825976,0.01411948611111111
626,600756.0,0.021928989502076657,0.8084577119895848,0.020373029411764703
627,600757.0,0.004336114878853228,0.9826036413259576,0.006455885714285716
628,600758.0,-0.007635983279622083,0.9864575860485512,-0.003870895522388059
629,600759.0,-0.000793436913330462,0.4030073080853312,0.00045609090909090854
630,600760.0,0.03412163070907516,0.5963337678613885,0.035561768115942034
631,600761.0,0.007337377786369116,1.0113326977700343,0.01051879166666667
632,600763.0,0.02241934414787955,0.7921903084840962,0.028570893939393945
633,600764.0,0.03399778868809072,1.1869687779680225,0.03682754237288136
634,600765.0,0.009202850614532285,1.0744067451982422,0.012582680555555559
635,600766.0,0.0009909878080954135,0.6488831142899228,-0.0002330153846153829
636,600767.0,0.0217436061864002,1.613983627560783,0.017104109375
637,600768.0,0.014204785059987539,1.0770283776410443,0.017664775862068965
638,600769.0,0.005073267953444134,0.9054712349147764,0.007921666666666665
639,600770.0,0.0034394672903643687,0.8538292128617654,0.0053475652173913014
640,600771.0,0.020294534418942786,0.8065240369346868,0.025177347826086962
641,600773.0,-0.004750937895607377,0.9300160471701101,-0.0031601940298507407
642,600774.0,0.016715320896787386,1.1394684007651743,0.020299819444444443
643,600775.0,0.01600835779921604,0.6751139471213508,0.018211457142857143
644,600776.0,0.0253890116829079,0.7317431238245059,0.02769090277777778
645,600777.0,0.016871239372213163,1.1538354071927377,0.011973000000000004
646,600778.0,-0.011954873618470505,0.5857667727704501,-0.007332333333333334
647,600779.0,0.011371749950070615,0.933627689772031,0.014308722222222228
648,600781.0,0.0018825645229827654,0.5751390127568529,0.002480550724637683
649,600782.0,0.018807379524806482,1.0734023338112706,0.022605434782608694
650,600783.0,0.014207963580356649,1.2524630663560843,0.018147916666666666
651,600784.0,-0.0016552459600134538,1.1058626526760493,0.0053106666666666675
652,600785.0,0.006427268847262578,0.8459780086893345,0.007837042857142856
653,600787.0,0.006221024042314276,0.8859236140019525,0.009007930555555555
654,600789.0,0.012980889649752584,0.8520009060589161,0.015661083333333336
655,600790.0,0.002231127551349396,1.002942419160798,0.008717485714285713
656,600791.0,-5.966358617381061e-05,1.1617332753681735,0.0035948750000000004
657,600792.0,-0.007414891603788224,0.9502235564478865,-0.005953929577464786
658,600793.0,0.00981689646500226,0.4843919318703615,0.013301507692307698
659,600794.0,0.00542372317146899,1.2559544810184364,0.010789104477611942
660,600795.0,0.003501484784066879,1.2107593477847902,0.006737014285714284
661,600796.0,0.003939939382971112,1.048627601609046,0.008499693548387092
662,600797.0,0.02134823064673599,0.4552042477751274,0.020761343283582093
663,600798.0,0.0014050519571763825,1.063899975198742,0.006904057971014493
664,600800.0,-0.002036086716783741,1.0947277252403624,0.004680835820895526
665,600801.0,0.01112809207637004,1.070034086851176,0.014494166666666666
666,600802.0,0.004137339700588695,0.9703814281004605,0.007189930555555553
667,600803.0,0.003953297291861857,0.9187513851782442,0.006843472222222224
668,600804.0,0.008625560869463176,1.0702735927885898,0.011992388888888893
669,600805.0,-0.009113959045251887,0.9203472538384327,-0.006218763888888889
670,600806.0,-0.013861185618658118,1.2130027686706035,-0.0012602653061224486
671,600807.0,-0.0013576612533928896,1.5043008862626575,0.016352684210526325
672,600808.0,0.009104590740605812,1.1793923339428318,0.012814680555555557
673,600809.0,0.00256551762062496,1.033814129737977,0.00581765277777778
674,600810.0,0.01325175490679837,0.851059170006038,0.015928986111111113
675,600811.0,-0.006766425192750864,1.138200930950971,0.0012113088235294134
676,600812.0,-0.0035018810385684645,0.8743170258810548,-0.0007514861111111113
677,600814.0,-0.00010352730708879532,1.0720411757892814,0.0032688611111111104
678,600815.0,-0.0066298486714703436,1.5124400289007025,-0.0018720694444444466
679,600816.0,0.015416599128858047,0.9176532052461246,0.01830331944444445
680,600818.0,0.005545907382269456,0.7274136513060453,0.007268507246376814
681,600819.0,-0.001161507645982046,0.7831107952237246,0.0005877164179104449
682,600820.0,0.008509200294093496,1.0232481018356623,0.011728097222222221
683,600821.0,0.004230537992866635,1.3600837795621927,0.008363385714285711
684,600822.0,0.02679794525591485,0.984675496104246,0.03014335820895523
685,600823.0,-0.0008232210584992023,1.0698069105805548,0.0025421388888888907
686,600824.0,0.00224110209230736,0.8757087324394361,0.0049958749999999994
687,600825.0,0.004897137935845305,0.8871905488631008,0.0074658714285714325
688,600826.0,0.002332323989766159,1.0647284608350591,0.005681708333333335
689,600827.0,0.0029455379610450316,1.0243460862480762,0.006167888888888892
690,600828.0,0.003066065372090716,0.7579355343450923,0.005184954545454548
691,600829.0,-0.0003350254775640316,1.3130622747955092,0.0019049393939393957
692,600830.0,-0.002272962344814335,0.9817668770905855,0.0008154444444444443
693,600831.0,0.00680314843471933,0.9373554060805245,0.009751847222222224
694,600832.0,0.05676966816030532,0.8174387993005249,0.07488986956521741
695,600833.0,0.005477661320361182,1.0408856042473134,0.00875204166666667
696,600834.0,0.003625501964127339,0.8840414025011034,0.006425594202898551
697,600835.0,0.01227880028853088,0.6316182663007007,0.014265722222222228
698,600836.0,0.004129434879764391,0.8056013980748529,0.006663666666666665
699,600837.0,0.00041252647144190534,1.5741896909697033,0.0053645555555555564
700,600838.0,0.009364432438663013,0.5969838822767081,0.011242402777777777
701,600839.0,0.005042229159994227,0.8676142670085324,0.007554253521126761
702,600841.0,-0.0042429991693521225,0.7431243082335283,-0.0019053055555555535
703,600843.0,0.002696656705542002,0.7631359496552699,0.004189485294117649
704,600844.0,-0.016622581512450413,1.2837004274080805,-0.010450191176470586
705,600845.0,0.02015475898374884,0.6462445973668943,0.021800070422535206
706,600846.0,0.011828625230975375,0.9062980788528341,0.014679624999999995
707,600847.0,0.0009168569216454962,0.2953177100404708,0.0018430161290322574
708,600848.0,0.030816373497874777,1.6231316910230784,0.031234728813559317
709,600850.0,0.006233415356450944,0.8435474771921062,0.010024999999999997
710,600851.0,0.004781179714555753,1.0133118194749806,0.007968819444444443
711,600853.0,0.0031174336794729386,1.1530399129250026,0.006744625
712,600854.0,3.2975797993886006e-05,0.7642541448793136,0.0024371388888888876
713,600855.0,0.010959849371561858,1.447736360995557,0.01633082352941176
714,600856.0,0.01571129530337652,1.088764011359126,0.02360939682539683
715,600857.0,0.003208316111377681,0.8658170819700527,0.005931972222222223
716,600858.0,-0.006312998438745269,1.0191269378297478,-0.005488728571428569
717,600859.0,-0.0006112987454310712,1.1507603910621096,0.002482246153846155
718,600860.0,-0.002781038621613747,0.8458734603617062,0.0027065970149253715
719,600861.0,0.0030895328881601902,0.8836735117881911,0.005869361111111111
720,600862.0,0.025576936643728284,1.1273213585572321,0.028431348484848483
721,600863.0,-0.0017768589866286448,1.1104697544637292,0.0017164166666666647
722,600864.0,0.0024069760651643404,0.9752958355521792,0.004925720588235294
723,600865.0,0.006771056237511164,1.1005406340060326,0.010233097222222223
724,600866.0,-0.005985033432248751,0.7121275152094254,-0.0011753015873015873
725,600867.0,0.02229575194856993,0.6716301008983203,0.024408541666666665
726,600868.0,0.007124006368023383,0.8643614274148066,0.009843083333333336
727,600869.0,0.008640634111328094,1.0342351154503764,0.013073802816901414
728,600870.0,0.007994971825497526,0.7754081186824385,0.010290999999999998
729,600871.0,0.002471547594418223,0.6579474077144306,0.003975073529411764
730,600872.0,0.026852117623499466,0.9493160459309948,0.034603352941176474
731,600873.0,-0.0009073131136316465,0.774230386486277,0.0026020151515151516
732,600874.0,0.015428150772654001,0.9316547578044212,0.018358916666666673
733,600875.0,-0.007349839255942164,1.1571631272728569,-0.00427
734,600876.0,0.024828008015365055,0.4804200828617039,0.022096622950819683
735,600877.0,0.013248368051695589,0.9377432156454653,0.01724723333333333
736,600879.0,0.006078095893287196,1.0929169339103804,0.015143144927536233
737,600880.0,0.00024067222382474177,0.4546466441526457,0.0009086567164179095
738,600881.0,-0.00403195046926598,1.267058583134951,-4.608333333333239e-05
739,600882.0,-0.009322077774921883,0.7104809598086326,-0.0035013333333333333
740,600883.0,0.004192440597358078,1.0749123688832791,0.007573861111111109
741,600884.0,0.01881738628640065,0.9309397001220919,0.021745902777777777
742,600885.0,0.020015333405176305,0.5115962596406365,0.021624694444444443
743,600886.0,0.01206210267280745,0.9592327399103657,0.018837985714285712
744,600887.0,0.018305642721880202,0.7581303076210316,0.020690541666666666
745,600888.0,-0.0032813662433334996,1.139144581829942,0.00012467605633802718
746,600889.0,0.003521469356269076,1.1436111452730802,0.007118999999999996
747,600890.0,0.020054123376599092,0.9313134755772339,0.022990413043478264
748,600891.0,0.007064159786952717,0.8776026486693437,0.00995718309859155
749,600892.0,0.02757952449925847,1.127454803065306,0.025489492537313436
750,600893.0,0.011129511161726637,0.6219017692092517,0.013527573529411765
751,600894.0,0.001264918556562016,0.761168519956445,0.0036593750000000016
752,600895.0,0.01533899037846817,1.2905878396886985,0.019398875
753,600896.0,0.0064995076061878845,0.8258920591712213,0.009475492537313439
754,600897.0,0.009043480456610352,0.8332431494030977,0.011664666666666665
755,600898.0,0.014842477677279973,0.4279009251011544,0.015287376811594203
756,600900.0,0.011981189071156303,0.621124974097768,0.016023735294117648
757,600960.0,-0.0014197858472705912,0.5487654679457622,0.002319046153846154
758,600961.0,-0.001905607676696328,0.8213680333876484,0.000678222222222219
759,600962.0,0.013090657748644638,0.7944133075620506,0.013296691176470582
760,600963.0,0.0019935469297386195,0.7345012295964266,0.004159901408450704
761,600965.0,0.019745505937796226,0.7329675714975941,0.022199470588235296
762,600966.0,0.006009030275512351,0.775538749091753,0.008521098591549297
763,600967.0,0.010984944520266073,0.6569089374372955,0.01599465151515151
764,600969.0,-0.0002515798136230366,0.7740292129223997,0.0021833333333333366
765,600970.0,-0.0029486277562743453,1.0990385833248748,0.000292901408450705
766,600971.0,-0.008451153340396955,1.0008346343565226,-0.005302763888888892
767,600973.0,0.006521453665108295,0.755174143495507,0.009557768115942031
768,600975.0,0.007308795880806925,1.3814495539337144,0.011308585714285717
769,600976.0,0.0013148676875976715,0.70985905425271,0.0035479166666666645
770,600978.0,0.0012631867267169083,1.3147592283125262,0.008485734374999998
771,600979.0,0.002017594211854927,0.7078279711498803,0.004643573529411764
772,600981.0,0.017114983017770122,1.3905142114591786,0.010903876923076924
773,600982.0,-0.0016955267671372922,0.6660559129715834,0.0020237101449275363
774,600983.0,-0.005278531583936048,0.49885335034111866,-0.0018744696969696956
775,600984.0,0.005906506142388197,1.0512024545912992,0.004134971014492755
776,600985.0,0.0067325522438896855,0.9959434618575604,0.009176716417910449
777,600986.0,0.015813317553355664,1.1890578306549708,0.01408841538461538
778,600987.0,0.01189250604297326,0.7720546647917312,0.014763929577464792
779,600988.0,0.003984444336369266,0.8388006506675701,0.004457121212121208
780,600990.0,0.0173171774895526,1.066292904748481,0.02309989393939394
781,600992.0,0.002758880320762152,1.0639864761037778,0.006105930555555556
782,600993.0,0.005625274696631148,0.8769739810704763,0.00838402777777778
783,600995.0,0.0053636048035596955,0.7097373685114626,0.006101536231884055
784,600997.0,-0.00717208096586582,0.7349669037992298,-0.0037128260869565216
785,600998.0,0.005149290710757391,0.5487497243889169,0.006875527777777776
786,600999.0,0.007157439250614535,1.6318875646515538,0.012290972222222224
787,601000.0,0.010770148406873655,1.2506287664114093,0.01775362318840579
788,601001.0,-0.008559733977889518,0.8168918323495371,-0.007058014492753621
789,601002.0,-0.006134800888523521,1.058247042864936,-0.0028058055555555544
790,601003.0,0.018249586851496108,0.7725782756976346,0.023388742424242423
791,601005.0,-0.011235708708112321,0.6428522554340699,-0.008992142857142857
792,601006.0,0.006494999621192621,0.7513191340830105,0.008858472222222224
793,601007.0,0.004258117156471362,0.8428776120181981,0.0069096111111111086
794,601008.0,0.0016747189966094902,1.0668501832010275,0.005030777777777777
795,601009.0,0.010772348566614813,0.9389695278206297,0.013726125
796,601010.0,0.0034859609229155085,1.4516162102919876,0.008052402777777782
797,601011.0,0.009869709225217373,0.7971078204125878,0.012377222222222222
798,601012.0,0.041069076246786754,1.3632994557555533,0.04535769444444445
799,601018.0,0.005650996128947099,1.270015205177444,0.011970686567164176
800,601028.0,0.007627203842629613,1.070507874488476,0.010768661971830986
801,601038.0,-0.007662429711599399,1.0534534503417592,-0.00434851388888889
802,601058.0,0.006128604518671932,0.8477470789890327,0.008795416666666667
803,601088.0,-0.0007351231457387694,0.761579691234531,0.0013000571428571418
804,601098.0,0.007118440086060854,0.7140524682823838,0.009364680555555555
805,601099.0,0.004878697515730393,1.3574771136996926,0.009149000000000001
806,601100.0,0.012812950785571684,0.8309490613858198,0.01687505714285714
807,601101.0,-0.006877076084269444,0.9751512883978045,-0.005024073529411764
808,601106.0,0.008876394601037556,1.8082544370749727,0.014564736111111108
809,601107.0,0.0020916096799999534,1.2648319081657577,0.00607047222222222
810,601111.0,0.0068750486569524715,1.3415461564247424,0.01109523611111111
811,601113.0,0.017272640825804268,1.2125014336223905,0.02104815942028985
812,601116.0,0.0018530117580522693,1.0728586519518242,0.006267704225352115
813,601117.0,-0.0036253612892475384,1.2184905310308078,0.0002077222222222218
814,601118.0,-0.0024470688406770975,1.0683998042417897,0.004108313432835823
815,601126.0,-0.001933080279750391,0.7966347166252152,0.0005729444444444431
816,601137.0,-0.00171984571543226,0.768568415829036,0.0030226760563380295
817,601139.0,-0.004001207329446057,0.5846880845939924,-0.0021619166666666644
818,601158.0,0.0033277690302799473,1.0875897031715667,0.006749069444444446
819,601166.0,0.006134595515417515,0.998190348086884,0.009274666666666664
820,601168.0,-0.0020099279660990925,1.1146024919507962,3.93906250000021e-05
821,601169.0,0.003934344742409363,0.7005283937681885,0.006138041666666667
822,601177.0,0.0014649527768267872,0.8829130888914601,0.0042423888888888876
823,601179.0,0.0006039061108392843,1.3063103380629675,0.004713250000000003
824,601186.0,0.012723124205868179,1.6011349353296598,0.017759916666666667
825,601188.0,0.00180806413205518,1.0963172806994748,0.00525681944444445
826,601199.0,0.0035838802107732415,0.7521297371876928,0.005949902777777775
827,601208.0,-0.0055621481849089695,0.7034445321682413,-0.0033492777777777783
828,601216.0,0.021312768104150743,1.1020665367150475,0.021372911764705883
829,601218.0,-0.002165119465246591,0.7111088611128494,7.186111111111436e-05
830,601222.0,0.011999485304945377,0.7646175767409109,0.014404791666666663
831,601231.0,0.00997303840996357,0.6268934611475881,0.011945097222222222
832,601233.0,0.01343415027761779,1.3279241484868067,0.017611486111111112
833,601238.0,0.014859891918163913,0.6950783986057012,0.017046444444444444
834,601258.0,-0.006749216297841508,0.883139024899396,-0.003971069444444444
835,601268.0,-0.032462971261522686,0.7585248672371889,-0.040509687499999995
836,601288.0,0.0060707102705507615,0.6474485552455698,0.008107430555555557
837,601299.0,0.06524592009127361,1.3072146135252882,0.09107671428571429
838,601311.0,0.004789867214244446,0.9541074221258736,0.007791263888888886
839,601313.0,0.09443860671540058,0.7312878176183149,0.0998932068965517
840,601318.0,0.012962897821113914,1.1435544134740199,0.01656025
841,601328.0,0.005210216837759049,0.7848358139532814,0.007679124999999999
842,601333.0,0.003513982398804294,1.183166371381668,0.007235944444444444
843,601336.0,0.007913668579325975,1.0400253171650784,0.010674042253521128
844,601339.0,0.006049887362568316,0.8700108607036853,0.00878673611111111
845,601369.0,-0.003761324029453221,1.0702292546074728,-0.0002879714285714276
846,601377.0,0.00021192542148334645,1.4725286194096967,0.00484415277777778
847,601388.0,0.0001985308635379648,0.759138540174824,0.005408924242424243
848,601390.0,0.014405326490769992,1.8839592429846168,0.02257931428571429
849,601398.0,0.0060277807081505945,0.5901003952103018,0.007884097222222223
850,601515.0,0.005066588144340566,0.8131687392987893,0.0076246249999999995
851,601518.0,0.0006506564343005689,1.0019900515700522,0.0038026805555555535
852,601519.0,0.024689020764773393,1.5111318054736618,0.020048447761194035
853,601555.0,0.0005718517535660793,1.5435160764839948,0.005427388888888889
854,601558.0,-0.011668185237634097,1.3042642756337002,-0.00756527777777778
855,601566.0,0.005723836835131415,1.0137033836090779,0.008912708333333332
856,601567.0,0.011347872711670877,1.0780775061687762,0.01473925
857,601588.0,0.0006869740338746743,1.1171675735050377,0.004201319444444444
858,601599.0,0.005878286948658377,1.0800657635552724,0.00975410294117647
859,601600.0,0.0007430300489266461,1.5260029821571612,0.0034421029411764725
860,601601.0,0.004250452272574102,0.9271923723466953,0.007167180555555557
861,601607.0,0.007249024221917767,0.918418755477696,0.010138152777777777
862,601608.0,0.0367998116792234,1.6198206801099395,0.032531656716417896
863,601616.0,-0.0010664856289709867,1.0198369292298335,0.002141680555555556
864,601618.0,0.01273204337420315,1.7964185444836698,0.017071826086956524
865,601628.0,8.534530717861947e-05,1.1725827849760015,0.003774013888888889
866,601633.0,-0.00139221799980156,0.9141733635873299,0.0014835555555555544
867,601636.0,0.009512352186714541,0.7656974439018663,0.011921055555555558
868,601666.0,-0.01094635155137181,0.8872571654949125,-0.008155250000000001
869,601668.0,0.014325597740236985,1.5951564613035045,0.019343583333333334
870,601669.0,0.012352205621578658,2.0385498321406645,0.016767999999999995
871,601677.0,-0.0026822309981072725,0.8787418347589286,8.208333333333139e-05
872,601678.0,0.0012411519496888569,0.9350584322938796,0.004182624999999999
873,601688.0,0.010976108642069996,1.5369530354796375,0.015811000000000002
874,601699.0,-0.010077155434628124,0.7896120942768049,-0.007593222222222223
875,601700.0,0.01425980658518531,0.755843312239734,0.0161858
876,601717.0,-0.008349169621348306,0.971693165415776,-0.004693249999999998
877,601718.0,0.006980025137137266,0.9600838434672591,0.010000222222222221
878,601727.0,0.010969530030325365,1.3338265310436743,0.012890786885245895
879,601766.0,0.020202168136980184,1.3751402711053924,0.022316436619718306
880,601777.0,-9.546514722918705e-05,1.1901608892050661,0.003648499999999999
881,601788.0,-0.0028401749635722845,1.6563438370701535,0.0023702916666666646
882,601789.0,-0.0012433686959831877,1.0601589658440698,0.004304550724637683
883,601798.0,-0.009969807058982249,0.7015243966454618,-0.007706328571428571
884,601799.0,0.03088532191439022,0.9304931811460979,0.033347197183098594
885,601800.0,0.014934830154601283,1.672218940235801,0.02019523611111111
886,601801.0,0.00576972873905919,0.6715138558808733,0.007882152777777778
887,601808.0,-0.008025117423005698,0.8996465902400061,-0.005195041666666668
888,601818.0,0.004535280308631722,0.9208053942847129,0.0074319166666666665
889,601857.0,-0.0030177994105878097,0.6875319877362513,-0.0008549861111111124
890,601866.0,0.005228781521264129,1.681133091563831,0.00929005797101449
891,601872.0,0.010369357427960916,1.390908757339954,0.012911999999999998
892,601877.0,0.008186420544864135,0.6886513881142767,0.013535432835820899
893,601880.0,0.01077122056420802,1.2346193928211335,0.014655041666666667
894,601886.0,-0.0028175789696751647,0.9595208981064127,0.00020084722222222303
895,601888.0,0.025072806400801177,0.6170987013258904,0.025416671428571427
896,601890.0,0.003666103878057121,0.7688846145826072,0.006084833333333337
897,601898.0,-0.005545106122073105,1.0449486336972715,-0.002257944444444446
898,601899.0,0.00012026837241063161,1.018047538296362,0.003322805555555555
899,601901.0,0.005588817330128813,1.4228492861884148,0.010340485294117647
900,601908.0,0.0033667171724370048,0.8263686332348866,0.005966277777777777
901,601918.0,-0.008025884989085725,0.9333879942341589,-0.0028179000000000004
902,601919.0,0.007093310446353494,1.700286860064015,0.010047308823529414
903,601928.0,0.006836369602265856,0.8760483690303164,0.00794062857142857
904,601929.0,-0.0054949033193799415,0.6961788957608596,-0.0033048888888888885
905,601933.0,0.014604771013437462,0.7757676197377548,0.017045152777777777
906,601939.0,0.007817179273852348,0.9103030631255922,0.010680777777777777
907,601958.0,-0.008928700300588647,1.0839463195319219,-0.0055188611111111115
908,601965.0,0.006609183767265824,0.7962770425698613,0.009114083333333333
909,601988.0,0.005792165436770374,0.6563548358795256,0.007856902777777779
910,601989.0,0.0007117985408745271,1.474071702837934,0.005416828125
911,601991.0,-0.002057201912298932,0.9635424079362592,0.0009738749999999983
912,601992.0,0.001989435470494437,0.920358710454538,0.0048846666666666665
913,601996.0,-0.003861991858200351,0.8805381005650644,0.0019576857142857168
914,601998.0,0.006564707470060987,0.9712579180803504,0.009620055555555555
915,601999.0,0.001886132618721731,0.8214643079283944,0.003594367647058827
916,603000.0,0.002509148752847625,0.8634596339653013,0.005225388888888887
917,603001.0,-0.005996076384446317,0.9816750907531517,-0.0029079583333333305
918,603002.0,-0.0007924603038415336,1.0051663033470521,0.002369555555555557
919,603003.0,0.0029618811922630414,1.6607329823168673,0.005055463768115943
920,603008.0,0.014426690393581952,1.515665869112289,0.013613942028985507
921,603077.0,0.0091981833579576,0.8962777646723628,0.01227357746478873
922,603123.0,-0.0034597137931423262,0.8371939322078732,-0.0008451571428571406
923,603128.0,0.018268987050256737,1.3314725337267848,0.023946
924,603167.0,0.0028255898427299616,0.8559550158875154,0.005518222222222222
925,603333.0,0.00249281354311099,0.8451154546281766,0.005151347222222224
926,603366.0,-0.003285301632763693,0.8665388532152407,-0.0005593750000000001
927,603399.0,0.010122511897549844,0.9527669065367674,0.011888076923076923
928,603766.0,0.008843451060486028,0.9494051685247179,0.011830055555555555
929,603993.0,0.009417003874420033,0.8997493147387716,0.012247402777777782
